cusip,name,indicator,type,issuedate,currface,cfincmo,cfinfed,cfinplat,coupon,gwac,wala,wam,va,pastactcpr,cpr,cprprediction,cprpredictionnext,pastactcdr,cdr,cdrprediction,cdrpredictionnext,date
36225A4Z0,780840,M,SP,19980801,112462.34,36405.50203717539,,,8.5,9.143,293,61,,0.028619573630988993,0.03425672902024124,0.1353265574211434,0.13515525036045284,0,0,0.005253661570530421,0.005245462927510047,2021-09-01
36225A5B2,780842,M,SP,19980801,24683.83,,,,8.5,9.244,293,57,,0.0020519943704343513,0.002125547382948789,0.13264019564820084,0.13258023434918753,0,0,0.0008727647773286717,0.0008720265842360186,2021-09-01
36225AGG9,780199,M,SP,19950701,2661.65,,,,9.5,10,316,41,,0.004046309467149234,0.004253624823438273,0.2320577602891093,0.231884261325497,0,0,0.001824331191075168,0.0018172171160768524,2021-09-01
36225AW97,780672,M,SP,19971101,272246.11,,,,7,7.809,287,65,,0.11333086497818712,0.06546750375660737,0.12443968000174732,0.12410956445120058,0,0,0.004843165998344223,0.004794550284729082,2021-09-01
36225AXA3,780673,M,SP,19971101,544478.26,,,,7,7.809,287,65,,0.11333113355560087,0.0654684183243347,0.12443949259353615,0.1241093788937554,0,0,0.00484312936681508,0.004794514382795434,2021-09-01
36225AXT2,780690,M,SP,19971201,740059.98,,,,7,7.792,287,66,,0.06732524006817164,0.038024533316162734,0.12300769428403657,0.1223410945578185,0,0,0.005969337650345574,0.005560290434066695,2021-09-01
36225AXV7,780692,M,SP,19971201,319961.78,89067.57544690445,,200842.3545476727,7,7.776,289,64,,0.02888989201750858,0.02843442662980067,0.1215943669728099,0.1208386481200292,0,0.0012210588259646826,0.005518586173676843,0.005044291819870761,2021-09-01
36225AZD5,780740,M,SP,19980301,24634.68,9546.502767036314,,,8,8.691,305,50,,0.305921283307486,0.03878451079844836,0.15081731153560363,0.15021244915980103,0,0,0.005774422597738749,0.0056868746812883675,2021-09-01
36225AZM5,780748,M,SP,19980301,503067.37,,,50.30673639639159,7,7.776,286,65,,0.21467914300986346,0.039066430430928833,0.11924159359330544,0.11898305848685597,0,0,0.0049994905753016905,0.004982614293989385,2021-09-01
36225AZN3,780749,M,SP,19980301,503046.87,454803.3981601127,,98.92537397213886,7,7.776,286,65,,0.2148365866503834,0.0393118909840009,0.11925042725146917,0.11899184691819975,0,0,0.00499971051975201,0.004982814841296479,2021-09-01
36225B4D7,781720,M,SP,20040301,548456.1,,,,7,7.76,300,53,,0.2362680945631641,0.14659909164520857,0.13964266165026962,0.13921111545502096,0,0.006757870506231334,0.00573956247018137,0.00566042682621215,2021-09-01
36225B4E5,781721,M,SP,20040301,195905.91,,,,7.5,8.266,300,54,,0.15995000428544504,0.04385943608561815,0.14139336384108758,0.14091711304718257,0,0,0.002980681296892551,0.002977864435201538,2021-09-01
36225B5J3,781749,M,SP,20040501,4079948.43,3663076.514334628,,,6,6.601,222,125,,0.1958810919355447,0.1316837520911054,0.13292226951404018,0.13124900466012135,0.04089011928432351,0.011106063026039892,0.013817961571563564,0.01203492582643495,2021-09-01
36225B5Z7,781764,M,SP,20040701,60395549.32,665377.6272626808,,1847593.8797470129,5.5,5.892,209,137,,0.17362689319968605,0.16818260670100893,0.16877398991863646,0.1666134852741541,0.016764486316031224,0.02651463145434574,0.014072499569068642,0.011754085064217823,2021-09-01
36225BD21,781021,M,SP,19990401,129186.98,,,,8,8.69,303,52,,0.30510592225482236,0.029409553892869256,0.14222713065973236,0.14152557890279827,0,0,0.005703520264494166,0.005582332084695607,2021-09-01
36225BDC9,780999,M,SP,19990301,606625.93,606610.7647308818,,,6.5,7.264,274,77,,0.0824475804111684,0.062486383504533505,0.12278569898550673,0.12047667607898871,0,0.0044279511896153645,0.017320804120018796,0.015003059503297722,2021-09-01
36225BDU9,781015,M,SP,19990401,61125.43,708.9368318613565,,,8,8.715,296,56,,0.09824175874993668,0.08835030045584624,0.1433309226583419,0.1428232349074947,0,0,0.004848316035293232,0.004799053790317531,2021-09-01
36225BDZ8,781020,M,SP,19990401,238815.47,,,225132.02774111295,7.5,8.245,298,54,,0.14248168232822644,0.1268127178107359,0.1509680921332286,0.14953566765391502,0,0.021275346535893913,0.01195852465014735,0.010776759789820956,2021-09-01
36225BE38,781054,M,SP,19990601,190385,,,,7,7.771,313,43,,0.03249407798255355,0.03711041432296136,0.15137971533888084,0.15094125106055367,0,0,0.0035553075931346045,0.003551228788476579,2021-09-01
36225BE46,781055,M,SP,19990601,536533.11,,,,7,7.748,277,73,,0.04885073893962599,0.05478480489261417,0.10961059311318566,0.109022531418286,0,0,0.0054400594067117725,0.00510068272580555,2021-09-01
36225BES3,781045,M,SP,19990601,222230.55,,,,8,8.673,299,52,,0.05785591702770765,0.3409151181555765,0.14925268450924067,0.14882692610499149,0,0,0.0018148916860732944,0.0018043119307842304,2021-09-01
36225BEY0,781051,M,SP,19990601,117533.07,29338.463617547808,,,8.5,9.108,295,58,,0.01581263667704702,0.032122147582602456,0.16174770163558305,0.16162080136822932,0,0,0.00162114134567648,0.0016201773604034297,2021-09-01
36225BF86,781091,M,SP,19990901,116461.43,,,,8,8.659,274,82,,0.041447970166202164,0.09266383559693037,0.11771349252641605,0.11734408495785298,0,0,0.0022120061832827664,0.002204364596501418,2021-09-01
36225BHD3,781128,M,SP,20000101,326797.97,326742.93171565025,,,5.5,6.125,270,82,,0.010374494352738961,0.01515747676276824,0.1024663711875764,0.10232127762901833,0,0,0.0017266964548843244,0.0017263062397152584,2021-09-01
36225BJ90,781188,M,SP,20000601,186160.28,157658.54689681655,,17254.069597378664,6.5,7.275,268,80,,0.14951013189316587,0.10454085438393546,0.11517328252777181,0.11435068003043702,0.07446513951445322,0.007078831732710067,0.007120839200996376,0.006444132062876529,2021-09-01
36225BK64,781217,M,SP,20001201,20198.17,16587.21468219818,,327.3976386185284,8,8.733,281,71,,0.05667751758707329,0.03234022320949215,0.1309520253666211,0.12992033178946572,0,0,0.009786667126622128,0.009002621156060653,2021-09-01
36225BMD7,781256,M,SP,20010301,18167.44,,,,7.5,8.028,331,26,,0.0641574234990614,0.17199018232741115,0.21067183161660263,0.21054972994447785,0,0,0.0012794799033221116,0.0012792025939751817,2021-09-01
36225BNS3,781301,M,SP,20010601,4479218.44,2993591.8556078337,,63708.76096667269,6,6.826,244,106,,0.12658235359370695,0.15983265329403407,0.1190805686697487,0.1170042037979333,0.0006271208772413717,0,0.01799795716233421,0.01583696058925821,2021-09-01
36225BR83,781411,M,SP,20020301,1572212.18,1572159.7746741774,,,5.5,6.3,237,111,,0.09909223864254135,0.0622012215141825,0.12798643023901957,0.12758595713697019,0,0,0.010047105977934567,0.009706720100139177,2021-09-01
36225BRG5,781387,M,SP,20020101,464010.94,463987.7438602666,,,6.5,7.259,238,109,,0.09675160276601058,0.3030938667828067,0.12663636891035435,0.12474380708785748,0,0.07123431816552084,0.015113760078240168,0.013055548146709728,2021-09-01
36225BRH3,781388,M,SP,20020101,1171791.53,587424.0050118432,,551604.0666588378,6.5,7.28,239,108,,0.12617896121231276,0.18210448788583566,0.1203255852765186,0.11921457494318655,0.009715576884311461,0,0.009679935485061852,0.008531653362999547,2021-09-01
36225BRU4,781399,M,SP,20020201,1525697.06,1525681.8031819684,,,7.5,8.292,253,98,,0.21837579621419634,0.03443588931496677,0.10565550348110009,0.1039265421555986,0.013103042485054894,0.014894616988461618,0.011941152567711222,0.01030206252484811,2021-09-01
36225BSN9,781425,M,SP,20020401,1025834.49,986230.8880566587,,2937.627672733463,5.5,6.281,237,110,,0.12419020462376962,0.04524561766910318,0.12814320980606309,0.1278149573477606,0,0,0.0073658345852418705,0.007125908523190616,2021-09-01
36225BSP4,781426,M,SP,20020401,1078063.57,,,,8,8.762,251,98,,0.04491278076905392,0.14708365425772085,0.09776036832487678,0.0970867276939007,0,0,0.006473155066032854,0.005955243384754838,2021-09-01
36225BSQ2,781427,M,SP,20020401,952921.64,356722.0521660854,,293114.3783413023,6.5,7.259,235,116,,0.10738712128146544,0.20734597236698515,0.11594334763913061,0.11507877325464888,0,0,0.00749671478009617,0.006626598649560389,2021-09-01
36225BSV1,781432,M,SP,20020401,6215313.09,669714.0637982414,,167697.39307503967,7,7.755,241,105,,0.14373736980231366,0.12957392146565438,0.11728871908749117,0.11661196868403734,0.05705124612995538,0.006011690240779632,0.007406935012408633,0.0068016659238735455,2021-09-01
36225BSX7,781434,M,SP,20020501,405104.23,1166.3750642011048,,403923.42909904534,8,8.754,255,92,,0.07516286098346048,0.18297004472310952,0.10991637830928125,0.10790510371523632,0,0,0.015716754126219867,0.013746036013615459,2021-09-01
36225BTN8,781457,M,SP,20020601,134951.52,4654.0685600895595,,27538.86721946485,7.5,8.23,301,52,,0.07699237463418362,0.14517243792186152,0.149462912107168,0.1475672711740551,0.007110710000493015,0.0056468485861574935,0.014736078289034338,0.013087410985948567,2021-09-01
36225BTP3,781458,M,SP,20020601,1778033.34,1778015.5598444017,,,7.5,8.273,250,99,,0.2026731835635055,0.05667990114536814,0.10526595437234809,0.10389723824055319,0.046099677607046585,0.002070228994335177,0.01248897019721984,0.011221717478142268,2021-09-01
36225BUT3,781494,M,SP,20020901,219648.62,47779.01741952461,,,6.5,7.296,246,100,,0.08729138521189883,0.015685999208184254,0.1119510584123633,0.11162911793027896,0.06870709243650197,0,0.006372315865776246,0.0062216203879263965,2021-09-01
36225BUU0,781495,M,SP,20020901,2168450.9,1088772.8672451193,,334399.18533371907,6.5,7.282,245,105,,0.1207515991314474,0.1873298903826368,0.11017851177043714,0.10913022208185119,0.002799565354744904,0.00294938279589807,0.009773022998717962,0.00872760258143812,2021-09-01
36225BV39,781534,M,SP,20021201,1597492.08,489132.335547854,,17919.270554369163,7,7.781,245,102,,0.11244399929249993,0.07660289281350308,0.10935612042620957,0.10811512965329473,0.05390732721988767,0.009816897928909052,0.011985871308493379,0.010734026179935796,2021-09-01
36225BVN5,781521,M,SP,20021101,1017617.3,,,,6,6.781,230,117,,0.13410824821077638,0.1282355473446587,0.13078390889881286,0.12910473054138394,0.0072259463612102115,0.022428817833350823,0.017355375825675146,0.015555261361942185,2021-09-01
36225BVY1,781531,M,SP,20021201,1460385.59,1460349.0812729683,,,6,6.822,254,92,,0.18106657142070282,0.14696555734468286,0.12402035971022507,0.12278979715591642,3.610065147308106e-05,0,0.01097916080979855,0.009735568468540956,2021-09-01
36225BWF1,781546,M,SP,20030101,1395481.25,,,,6.5,7.291,244,105,,0.19475184170195747,0.12212616611020577,0.10496620734535989,0.10437335567681483,0.0005909850485980028,0,0.007281433303907736,0.006753612200132153,2021-09-01
36225BXW3,781593,M,SP,20030401,685353.41,,,,6.5,7.282,247,103,,0.1497841011027723,0.14899019014540893,0.113427619938827,0.1122372498593237,0.013459510448711631,0.010220656388475913,0.009948013649755172,0.0087911289416297,2021-09-01
36225BYE2,781609,M,SP,20030501,361104.95,180195.44290655036,,46216.81191880812,6.5,7.274,239,110,,0.12581381646356982,0.1643711931728481,0.1314574407347211,0.12887862716507748,0.005274319599622768,0.0638754161498245,0.02130583306934042,0.018466526925144833,2021-09-01
36225BYL6,781615,M,SP,20030601,187137.84,187083.3379931532,,,8.5,9.211,251,99,,0.026450160669261757,0.43273333544417947,0.08770691000394859,0.08755795733401106,0,0,0.0009722286220072984,0.000970215505439187,2021-09-01
36225BZ76,781666,M,SP,20031101,738531.52,32795.080054892474,,,8,8.709,299,55,,0.16983285652634128,0.12134628086302568,0.1449936505889019,0.14459323846657735,0,0,0.003572163089053726,0.0035573997172206884,2021-09-01
36225BZF8,781642,M,SP,20030801,4685704.46,4339452.934380374,,585.698415039624,5.5,5.885,218,128,,0.20488027674555587,0.1483176947280156,0.16112498845701506,0.15993939305475147,0.016784832088014512,0.010654194448521004,0.008125094866352489,0.00692964567037091,2021-09-01
36225BZG6,781643,M,SP,20030801,5571730.58,5571591.290217744,,,5,5.405,218,128,,0.13822702023683997,0.22579983732165376,0.18309898418866943,0.18220661258377524,0,0.017145312225052667,0.009288927374088818,0.008526171919369996,2021-09-01
3622A22J0,784377,M,SP,20171001,148488765.23,,,,4.5,4.874,135,213,,0.290178002044143,0.2478495813699917,0.27143915144980946,0.2694928838527455,0.0190645062758793,0.016958381269937428,0.014672642306157502,0.012589530068240484,2021-09-01
3622A22T8,784386,M,SP,20171101,21046046.28,,,21045698.815805648,5,5.437,122,229,,0.1906165453330415,0.25188729577375757,0.25589819948744497,0.24995570622721197,0.02182872453557405,0.10030747625765968,0.06284917838500637,0.05581291052754844,2021-09-01
3622A22W1,784389,M,SP,20171101,120533148.42,,,,4.5,4.895,89,263,,0.3286072530747861,0.3406860680612065,0.30663151905275854,0.3024224317922545,0.0801772921780477,0.09932714187237346,0.057261513228777816,0.05225711466105898,2021-09-01
3622A23Q3,784407,M,SP,20171201,26497768.8,,,,3.5,3.894,47,308,,0.47899577288846784,0.44075934783106185,0.43047440648425217,0.4273526470262644,0.14718785602218698,0.09472782663768498,0.055399606569122906,0.05222402022206041,2021-09-01
3622A23S9,784409,M,SP,20171201,36642143.46,,,,5.5,5.978,175,175,,0.15595203511742195,0.2823399607758569,0.22383243685424714,0.21727513668821397,0.02200520726392241,0.07349969759478137,0.05490505502695597,0.04729288538510945,2021-09-01
3622A24C3,784419,M,SP,20171201,28178576.07,,,28178224.739922542,5.5,5.954,169,181,,0.19261233506322062,0.3804126243856035,0.23940377274556823,0.2290820675473294,0.058495687215942116,0.10946942663081694,0.07544444588721522,0.06314085280657189,2021-09-01
3622A24G4,784423,M,SP,20180101,270701283.44,,,,4.5,4.805,127,221,,0.2947119217242138,0.2590195964008958,0.28004254349201885,0.2780666498201998,0.013035267211169321,0.014060946896642279,0.014739862558197703,0.012662233037748383,2021-09-01
3622A24Q2,784431,M,SP,20180201,317263457.68,,,,4,4.327,108,241,,0.29794416945115765,0.2842831568713923,0.28103708564460095,0.27893856977142506,0.025246789919050272,0.040361349373610134,0.021157166201364763,0.019054997874066615,2021-09-01
3622A25L2,784451,M,SP,20180301,254846510.94,,,,3.5,3.871,77,276,,0.38156137173501514,0.3467844159790663,0.35855086622679166,0.3557950822500694,0.07981981582685771,0.06175165370887026,0.04266416755774871,0.04009535468776049,2021-09-01
3622A26E7,784469,M,SP,20180401,230745910.53,,,,4,4.372,55,300,,0.47093322178869934,0.43040522436305517,0.4046878690674339,0.4013345252568251,0.1382071333611129,0.12151559363647224,0.058856444998185875,0.055375448723168685,2021-09-01
3622A26Y3,784487,M,SP,20180501,285823967.12,,,,3,3.483,72,281,,0.37244855267463184,0.3532406668091238,0.3567339539910537,0.3545548593811595,0.055568709574371544,0.055612845402791655,0.026122620405076624,0.024639458122384328,2021-09-01
3622A27L0,784499,M,SP,20180601,5626787.42,,,203567.4644790387,6.5,7.223,234,115,,0.14788796433521723,0.16129174193489215,0.12336830043490021,0.12192205497032194,0.00859520647124934,0.010779389072352097,0.01222296724759897,0.010739546899390384,2021-09-01
3622A2A36,783626,M,SP,20120801,8422350.77,6325753.29180493,,,5,5.296,126,222,,0.2846377467641005,0.1502789550869943,0.25543937630706604,0.2529824630387141,0.028657132839254196,0.026358475127994385,0.02081491589602069,0.018184742490592654,2021-09-01
3622A2A51,783628,M,SP,20120801,27709017.12,,27673389.71,,3.5,3.802,110,237,,0.3086814908681803,0.2716025770889138,0.27107752644563554,0.2693385441015611,0.024154298463682666,0.01928255325115802,0.01451354987668707,0.0129568215716509,2021-09-01
3622A2A77,783630,M,SP,20120801,13601839.13,,5286.37,,3.5,3.817,111,236,,0.28242387224087506,0.25307224448050036,0.2678927896969804,0.26614763157999444,0.028253566752253767,0.01636919271180437,0.012423425382484865,0.010925160693899705,2021-09-01
3622A2AB8,783602,M,SP,20120601,3449583.2,3448697.758640652,,,7,7.662,227,121,,0.13469178844229857,0.11852696994538037,0.13900915113484658,0.13716617597773062,0.0067582347273570376,0.010675438078277089,0.014708431678338463,0.012787094082305273,2021-09-01
3622A2AD4,783604,M,SP,20120701,13568446.61,,9134712.33,,3.5,3.817,111,236,,0.28242387224087506,0.25307224448050036,0.2678927896969804,0.26614763157999444,0.028253566752253767,0.01636919271180437,0.012423425382484865,0.010925160693899705,2021-09-01
3622A2AG7,783607,M,SP,20120701,13568446.61,,,,3.5,3.817,111,236,,0.28242387224087506,0.25307224448050036,0.2678927896969804,0.26614763157999444,0.028253566752253767,0.01636919271180437,0.012423425382484865,0.010925160693899705,2021-09-01
3622A2AT9,783618,M,SP,20120701,27447208.68,,,,4,4.295,116,232,,0.28840367007813805,0.2920741682779141,0.27309828619836296,0.2709596189166823,0.017143778630725692,0.030988458606380775,0.019202773164931797,0.016917190925433423,2021-09-01
3622A2AU6,783619,M,SP,20120701,29059966.93,,,,4,4.33,118,230,,0.2803956991662433,0.25666274809227896,0.27100298826471225,0.26908560685567806,0.021546753912168648,0.023945184406151676,0.01623052916914902,0.014314145598183892,2021-09-01
3622A2BE1,783637,M,SP,20120801,16917289.33,,,,3,3.621,113,236,,0.3591133221686249,0.22733037626065433,0.2630197932980529,0.2599560382864793,0.042677240732264976,0.05100304045286719,0.023244246521026968,0.019801138361597248,2021-09-01
3622A2BK7,783642,M,SP,20120801,797876.08,564057.838639155,,197481.07378183602,5,5.503,171,177,,0.2129820069934767,0.19934473326847824,0.2117673697390029,0.20947907456647574,0.017954259829289332,0.027691867959056427,0.018459700613231322,0.015912591967226053,2021-09-01
3622A2BM3,783644,M,SP,20120801,164336691.53,,,,4,4.307,117,231,,0.27947842318700455,0.27033231428790094,0.2690896856500863,0.26705050019352583,0.02100249711593216,0.026734231976515366,0.017505012345471416,0.015380140417182053,2021-09-01
3622A2BP6,783646,M,SP,20120901,14530063.79,,,,3.5,3.799,110,238,,0.31038458874911945,0.28270214044281383,0.2823129044158147,0.2804888460780368,0.03506291644251658,0.021179097296658234,0.016163633443249004,0.014437391654821052,2021-09-01
3622A2BS0,783649,M,SP,20120901,14530063.79,14529337.323133843,,,3.5,3.799,110,238,,0.31038458874911945,0.28270214044281383,0.2823129044158147,0.2804888460780368,0.03506291644251658,0.021179097296658234,0.016163633443249004,0.014437391654821052,2021-09-01
3622A2BZ4,783656,M,SP,20120901,30408854.27,,,,4,4.296,113,235,,0.2571250038222975,0.2924910935869639,0.2693534761236316,0.26631013238123935,0.05415205243604693,0.03653862596681923,0.026867621626788685,0.023309309696443847,2021-09-01
3622A2C59,783692,M,SP,20121101,19382569.23,,,,3,3.398,108,241,,0.2735971827540119,0.26919218549438173,0.264636044786439,0.262988537903302,0.019333617631009048,0.031400158621956886,0.014209931410931409,0.012871274741284244,2021-09-01
3622A2CF7,783670,M,SP,20121001,18822920.68,,3627188.46,,3,3.408,108,240,,0.29326451557764677,0.2796153409843628,0.2661956972674945,0.2647378819041307,0.016893580272597464,0.04109043492598896,0.01264216167686838,0.011539817232646077,2021-09-01
3622A2CG5,783671,M,SP,20121001,28233910.27,,,,3,3.408,108,240,,0.29326451557764677,0.2796153409843628,0.2661956972674945,0.2647378819041307,0.016893580272597464,0.04109043492598896,0.01264216167686838,0.011539817232646077,2021-09-01
3622A2DB5,783698,M,SP,20121201,1734508.38,5065.857158227622,,,7.5,8.262,287,64,,0.23532229584860154,0.06058102763560491,0.14885418217962332,0.14567272191437253,0.02665635394852972,0.003129491922927774,0.02413924069406348,0.021108834364570117,2021-09-01
3622A2DF6,783702,M,SP,20121201,9445489.3,,,,4,4.415,131,217,,0.3256028806092771,0.2249041081071349,0.275482977766645,0.2740365498526488,0.019581444839087303,0.013065977455266609,0.010814994371406206,0.009439329566822141,2021-09-01
3622A2DG4,783703,M,SP,20121201,21312090.63,31811.426458556416,8861403.23,,4,4.298,112,237,,0.258121015683761,0.2653014598906823,0.26795550132901824,0.26559040474752693,0.03163985881948217,0.027119051233806757,0.020790516425595595,0.018249863107220543,2021-09-01
3622A2E24,783753,M,SP,20130401,1675051.17,,,,5,5.622,218,128,,0.16356786315472494,0.16598093811636516,0.17932154638732278,0.17793192962621107,0.009409665205482254,0.008835390001732502,0.009526550972623338,0.008153730635203749,2021-09-01
3622A2E40,783755,M,SP,20130501,29798873.6,,54629.45,,3,3.337,102,246,,0.28415815453551385,0.29180751614272715,0.26680242591966463,0.2651255115954688,0.02495185779120168,0.03974333453758416,0.015077636058782984,0.013818264647947331,2021-09-01
3622A2EF5,783734,M,SP,20130401,9924588.13,,,,3,3.331,105,242,,0.25846733123076215,0.27725224631010714,0.2602138804477454,0.25871945513155314,0.025507259902897816,0.04050973340588615,0.013976386017201858,0.012835352643634668,2021-09-01
3622A2EH1,783736,M,SP,20130401,8105161.46,,7813826.17,,3.5,3.803,108,241,,0.28255659294950286,0.30068724194245033,0.27469598064664025,0.2727247839700452,0.02919460015916675,0.03545706532566728,0.020827868583645714,0.018795074598417227,2021-09-01
3622A2EJ7,783737,M,SP,20130401,8104225.05,,,,3.5,3.807,103,244,,0.27663815453210583,0.2846493740728675,0.2509880156094435,0.24843916020363255,0.04782329952497011,0.03725471432591099,0.027799119950947082,0.02513024780556239,2021-09-01
3622A2EQ1,783743,M,SP,20130401,8460848.23,,8460001.85,,3.5,3.817,104,244,,0.2953706431539481,0.27325703516915256,0.2542388129721693,0.25173641245923095,0.05582348796523218,0.03286948412892854,0.022192996166091272,0.01945577733997028,2021-09-01
3622A2EY4,783751,M,SP,20130401,30924383.73,,,,4,4.342,108,239,,0.2384354009304176,0.3289266025772377,0.25495712483776156,0.250101885790609,0.03617343262720629,0.070594202131678,0.03922444824793603,0.0335390422322972,2021-09-01
3622A2FM9,783772,M,SP,20130601,4171704.16,,13021.81,,4.5,4.904,124,224,,0.381160756019995,0.29848274217565973,0.2527509186973902,0.2496914946807801,0.046681549348627116,0.07207992193058765,0.03794427321020655,0.034522677860689854,2021-09-01
3622A2FU1,783779,M,SP,20130601,2050004.79,2049327.130154961,,,5.5,6.038,194,154,,0.2662669564131698,0.16074528850160663,0.17887251171611596,0.17501753934079822,0.00940600759812471,0.023358648782715763,0.026090871285156303,0.021652346214485974,2021-09-01
3622A2HE5,783829,M,SP,20131101,99863739.95,13405145.384807328,,,3,3.455,108,240,,0.2822558152396353,0.27746481006757284,0.26261084936059864,0.26101005957059054,0.018842869471210277,0.033986478788901486,0.013455688632813767,0.012129037214558935,2021-09-01
3622A2KB7,783890,M,SP,20140501,3094509.53,,,,7,7.464,205,139,,0.07565763720499807,0.1920654361248626,0.15028107216430664,0.14606453866141123,0.0006494842966142667,0.019720157285312734,0.03235394226237831,0.027628982777844757,2021-09-01
3622A2KJ0,783897,M,SP,20140601,7990157.14,,,7934118.486940695,5,5.401,145,203,,0.16394612811922193,0.0982461439748008,0.222241729135372,0.21940998005891366,0.02886170370993313,0.023068964669849645,0.02268055393798174,0.019569656171387728,2021-09-01
3622A2KK7,783898,M,SP,20140601,12000303.61,336893.96801602066,,11559663.690624382,5,5.369,134,213,,0.2172154127077096,0.22891713279658166,0.2567832722512151,0.2506139673970428,0.05141793865702726,0.011244301843370663,0.059576693439368444,0.0522040359615511,2021-09-01
3622A2L75,783950,M,SP,20141201,1744220.05,,,1743379.6873627813,5,5.307,132,217,,0.27725477344581284,0.2194405404342823,0.2607923294930171,0.25810783590623354,0.03538330067404438,0.02554356800544144,0.022808026263489656,0.019863763659712652,2021-09-01
3622A2LT7,783938,M,SP,20141101,5954240.79,5953290.217698474,,,5.5,5.98,190,158,,0.22537388641771539,0.22919976449890744,0.18192969391776637,0.1790531324019442,0.052721454767120535,0.06654803923767239,0.022557374382512374,0.01940407279766665,2021-09-01
3622A2M90,783984,M,SP,20150301,2503569.14,94150.3510102597,,2366528.0735295108,5,5.379,136,213,,0.24181766893254653,0.2611865554159618,0.23347682866858932,0.22926653918275097,0.04575003272553735,0.0036006641696224584,0.03692745640729367,0.03204300891274858,2021-09-01
3622A2MB5,783954,M,SP,20141201,3377921.46,,,3377093.6193155413,5,5.523,162,188,,0.2482616101497871,0.11829174845517176,0.23018683698697562,0.22679823051382753,0.02469573626133592,0.020567565912585573,0.024400171002915583,0.020407322789918636,2021-09-01
3622A2MK5,783962,M,SP,20150201,131501057.55,,,131500003.39669351,3.5,3.8,107,241,,0.2846397881809226,0.26270001274683863,0.2749031273465554,0.2732283197794051,0.025421663938416272,0.01911803250724553,0.017733656859651226,0.016116782152173825,2021-09-01
3622A2MW9,783973,M,SP,20150201,2914204.9,,,2913209.6929476266,5.5,5.938,154,195,,0.24355627685372194,0.23211540918885876,0.20768036109720567,0.2050993542228341,0.029268807711919864,0.02513423597894171,0.019657600771368133,0.016765929763305376,2021-09-01
3622A2MZ2,783976,M,SP,20150301,163930694.5,,3021074.51,477011.099561585,3.5,3.799,106,242,,0.2821562656328983,0.2592229861732601,0.2711626446125833,0.26937819956366305,0.02915752270434946,0.019389841016854703,0.019064291761024088,0.017317904537765938,2021-09-01
3622A2N40,784011,M,SP,20150601,19767814.81,18883607.481407374,,,5,5.38,138,209,,0.19731036321957107,0.18000064142684258,0.2432229222550869,0.23841026992475167,0.0421309550229243,0.01625798802141165,0.04442148358939546,0.03878403379637352,2021-09-01
3622A2N99,784016,M,SP,20150701,1792612.03,,,,3.5,3.849,92,258,,0.3298038936380423,0.3144367982348305,0.3149429540729146,0.31245466303732405,0.052562422248012886,0.039855218556329786,0.030933073790781696,0.028616354965615765,2021-09-01
3622A2NQ1,783999,M,SP,20150501,14583976.89,,14583246.93,,3.5,3.875,78,274,,0.39338949538583456,0.35503299427615487,0.36683440871886563,0.36384321894919325,0.08098626257492736,0.06173706909215371,0.04718150501167229,0.04420035728232152,2021-09-01
3622A2NR9,784000,M,SP,20150501,3340608.19,103977.3944964609,,88868.76587378021,6.5,7.278,238,109,,0.08151197208929217,0.06051547463643503,0.12451536698002585,0.12262212075777001,0.010708371788305082,0,0.01699149862332705,0.015001011787899698,2021-09-01
3622A2NX6,784006,M,SP,20150601,14637240.04,,14112799.89,,3.5,3.875,78,274,,0.39338949538583456,0.35503299427615487,0.36683440871886563,0.36384321894919325,0.08098626257492736,0.06173706909215371,0.04718150501167229,0.04420035728232152,2021-09-01
3622A2PS5,784033,M,SP,20150901,2003706.28,487065.33448104176,,,6,6.468,174,176,,0.19420818477708135,0.2765617397404867,0.18677659531645052,0.17977683217739138,0.028226188665245844,0.0022045771322773966,0.0468415911649227,0.03886002621368623,2021-09-01
3622A2QD7,784052,M,SP,20151001,20416950.91,,,12439521.818775682,5.5,5.979,178,172,,0.14925365763467935,0.34789655181328516,0.2259576050143296,0.21763188983379655,0.002847274742920458,0.09482766965090605,0.06435350839679799,0.054490944696038546,2021-09-01
3622A2QR6,784064,M,SP,20151101,3423932.02,498273.2077965761,,,7,7.403,190,154,,0.18319054165541915,0.16482942735826112,0.17367807277697,0.16846658485226595,0.02918359034750595,0.08938106990889993,0.04142883310978995,0.0355531661822287,2021-09-01
3622A2R20,784105,M,SP,20160201,92499279.28,,,,4,4.351,83,267,,0.32253551116706736,0.3242097348241795,0.2985721305935527,0.2954764788769719,0.06357517829130721,0.05719855893094339,0.03610382782124488,0.032951954089977975,2021-09-01
3622A2R38,784106,M,SP,20160201,96984257.79,,,,3.5,3.877,69,284,,0.40579639956513436,0.3536141588744063,0.3691273351911748,0.36656031540915623,0.08170928111927811,0.06092922881451601,0.041139916869789905,0.03879170540301502,2021-09-01
3622A2R87,784111,M,SP,20160201,11414960.54,,,,3,3.481,69,284,,0.3680634687555602,0.34693844684216757,0.3624238429241715,0.3602140542035157,0.04910974179978733,0.047044014388986644,0.02759173091684597,0.02607376364445191,2021-09-01
3622A2RJ3,784089,M,SP,20160101,20345478.43,,9508638.96,,3.5,3.873,70,283,,0.3845582972511805,0.3687102266036367,0.363505794041431,0.3609945606721867,0.08024887938680225,0.06270740892514626,0.037005806407145014,0.03493958837028832,2021-09-01
3622A2RK0,784090,M,SP,20160101,8053800,8053502.159129967,,,5.5,6.009,202,145,,0.23711572679782134,0.17961526699742247,0.17011495956240885,0.16710310614389368,0.029094735787960624,0.033722141512009474,0.019238505631122282,0.01586833246395858,2021-09-01
3622A2RL8,784091,M,SP,20160101,6999251.59,,,,5,5.62,206,140,,0.206165763029995,0.23442503221160615,0.19224989711855878,0.18915444660967873,0.02225789348541285,0.010322033851162038,0.018204628389847044,0.014716690455873205,2021-09-01
3622A2RR5,784096,M,SP,20160201,19397006.77,,8993640.78,,3.5,3.877,69,284,,0.40579639956513436,0.3536141588744063,0.3691273351911748,0.36656031540915623,0.08170928111927811,0.06092922881451601,0.041139916869789905,0.03879170540301502,2021-09-01
3622A2RT1,784098,M,SP,20160201,22150888.54,,,8860.266813331866,3,3.483,70,283,,0.36534642994130917,0.3448530358526467,0.3619011728799415,0.3592556626043121,0.03339007851031839,0.046767419589257564,0.031204529769147338,0.029015923876589245,2021-09-01
3622A2RU8,784099,M,SP,20160201,19397006.77,,8993640.78,,3.5,3.877,69,284,,0.40579639956513436,0.3536141588744063,0.3691273351911748,0.36656031540915623,0.08170928111927811,0.06092922881451601,0.041139916869789905,0.03879170540301502,2021-09-01
3622A2RW4,784101,M,SP,20160201,96423428.81,,,8032769.36842744,3.5,3.885,86,266,,0.3746592786741866,0.3088818954230437,0.33402486577580504,0.3318922108279949,0.049678209298323006,0.026594936506284195,0.024172131508637618,0.02257718388011165,2021-09-01
3622A2RY0,784103,M,SP,20160201,38714138.91,,,38597564.06538182,3.5,3.877,69,284,,0.40579639956513436,0.3536141588744063,0.3691273351911748,0.36656031540915623,0.08170928111927811,0.06092922881451601,0.041139916869789905,0.03879170540301502,2021-09-01
3622A2RZ7,784104,M,SP,20160201,54587758.47,,,54587571.68321663,3.5,3.891,73,280,,0.3987238858574166,0.36088055112042927,0.3704777175974271,0.3674275180107478,0.08338097954518664,0.05036542245729547,0.03682587839486995,0.03402335135065637,2021-09-01
3622A2S37,784138,M,SP,20160401,19725219.93,,14931716.21,,3.5,3.884,67,284,,0.41214257712755975,0.3902678326038609,0.36388008550640205,0.36072436071831004,0.07885900186625405,0.0758273583346617,0.04311823384040048,0.04013378983154636,2021-09-01
3622A2SA1,784113,M,SP,20160301,16335174.36,,,,4,4.38,70,282,,0.3439362224123993,0.3774676174261231,0.3414753170419398,0.33825690254552643,0.08326846429431278,0.09366659158390855,0.04231989076832576,0.03909608706328194,2021-09-01
3622A2SB9,784114,M,SP,20160301,98422708.74,,,,3.5,3.884,68,284,,0.37241524593776143,0.37265272872755884,0.3701263691210861,0.3675647109391209,0.0732321636895823,0.06913204913695548,0.03975875524415917,0.037545986044072444,2021-09-01
3622A2SC7,784115,M,SP,20160301,181119302.64,,137147315.28,,3,3.494,68,284,,0.3859873134650502,0.34028647336543916,0.3567714692430587,0.3548272359992579,0.05826555871605377,0.054285658687808436,0.022343290641324454,0.0212663861398128,2021-09-01
3622A2SF0,784118,M,SP,20160301,101342092.5,,,,4,4.372,71,281,,0.34401446923898393,0.34100219493616746,0.3359316745574279,0.3319832502832947,0.08478714667968745,0.1051957690240658,0.046118735180650905,0.04183201931838887,2021-09-01
3622A2SG8,784119,M,SP,20160301,106256757.5,,,95758.61371841769,3,3.494,68,284,,0.3859873134650502,0.34028647336543916,0.3567714692430587,0.3548272359992579,0.05826555871605377,0.054285658687808436,0.022343290641324454,0.0212663861398128,2021-09-01
3622A2SK9,784122,M,SP,20160301,24149449.72,,,,3,3.494,68,284,,0.3859873134650502,0.34028647336543916,0.3567714692430587,0.3548272359992579,0.05826555871605377,0.054285658687808436,0.022343290641324454,0.0212663861398128,2021-09-01
3622A2SN3,784125,M,SP,20160301,79420493.26,,,,4,4.37,72,281,,0.39856465792122886,0.3881781203359609,0.34294476325295264,0.3398097591714061,0.061975558222355676,0.13261037364581385,0.04130955441103212,0.038119873368015145,2021-09-01
3622A2SU7,784131,M,SP,20160301,108797203.25,,,,3.5,3.884,68,284,,0.37241524593776143,0.37265272872755884,0.3701263691210861,0.3675647109391209,0.0732321636895823,0.06913204913695548,0.03975875524415917,0.037545986044072444,2021-09-01
3622A2SX1,784134,M,SP,20160301,51586822.52,,,,4,4.372,71,281,,0.34401446923898393,0.34100219493616746,0.3359316745574279,0.3319832502832947,0.08478714667968745,0.1051957690240658,0.046118735180650905,0.04183201931838887,2021-09-01
3622A2T69,784173,M,SP,20160601,15493802.93,,,,2.5,2.926,77,274,,0.37746868187192784,0.2921508886206554,0.27825104003157264,0.2758950388497615,0.00012681710848638783,0.00039897167786973053,0.03755158069532061,0.035681337275513814,2021-09-01
3622A2TH5,784152,M,SP,20160401,8656328.01,1325815.153205032,,662907.576602516,6.5,7.277,270,81,,0.0887694206403643,0.1260230757684434,0.11581789277192511,0.11425875402662411,0.012447207391733883,0.013907500813486795,0.011609185890732343,0.010109408139921783,2021-09-01
3622A2TM4,784156,M,SP,20160501,80843046.11,,,,4,4.355,74,279,,0.3882515737566501,0.32875477123087604,0.3474802824693023,0.344605544067316,0.0894376172153537,0.06900963288835449,0.03914710362688567,0.03625864676017898,2021-09-01
3622A2TN2,784157,M,SP,20160501,79166119.7,,,,4,4.365,74,280,,0.36607273504125604,0.38768354045666964,0.35000825957364257,0.3473357151829638,0.07983514056134577,0.07461707414157426,0.03892650450082036,0.03646360094370016,2021-09-01
3622A2UJ9,784185,M,SP,20160801,23686596.79,,,23686329.83218101,5.5,5.979,177,173,,0.15928597344481676,0.3254354743654333,0.23744120798855095,0.22865304959976296,0.029447991347412827,0.10781063869011576,0.07205999681044695,0.06174176087759242,2021-09-01
3622A2UT7,784194,M,SP,20160901,3099928.12,3099646.824887271,,,6,6.482,178,169,,0.18767208531585866,0.34614357620047664,0.18335058003762084,0.17848362005138485,0.09334671023123198,0.06837945524483979,0.03891384605234194,0.03340127231878942,2021-09-01
3622A2UU4,784195,M,SP,20160901,4541961.16,4526273.662311447,,15394.487029247772,5.5,5.968,168,181,,0.21200654053966617,0.3276128393494846,0.2127303465810808,0.20811663127286617,0.037184919624413615,0.040585817814810854,0.039985423236562734,0.0346489173524227,2021-09-01
3622A2UV2,784196,M,SP,20160901,11323993.14,11323769.275833283,,,5,5.44,121,230,,0.19381825302946232,0.21858500784640555,0.25356493783313294,0.24896545166721817,0.03174230063928407,0.050225981892092375,0.04455155572458336,0.03944186730749277,2021-09-01
3622A2VK5,784218,M,SP,20161101,13897386.9,,,,2.5,2.962,71,279,,0.3833438879555585,0.29350795024375287,0.3053076717026335,0.3026665729564827,0.042135726639469184,0.03367846658364537,0.027408508625333505,0.025572911510192364,2021-09-01
3622A2VR0,784224,M,SP,20161101,5197852.36,866207.9641696108,,,7,7.785,270,80,,0.16760108675320173,0.10947711389932169,0.11347645876765922,0.11266903802468986,0.00438798833933296,0.013472704980947436,0.009358833597569616,0.00871346495673897,2021-09-01
3622A2WE8,784245,M,SP,20170101,18686559.53,18686245.35415796,,,5,5.392,145,204,,0.2516376854440372,0.2048431675738409,0.24253469843242825,0.23920394962768388,0.02748686989745075,0.028846472557258473,0.02839858557261221,0.024555680360907828,2021-09-01
3622A2WM0,784252,M,SP,20170201,14203331.48,,,14203069.427402807,5,5.437,121,230,,0.1807251059743601,0.27143253414889235,0.2611788513539488,0.25476850672662743,0.022436381719838527,0.11211341214503256,0.06736190997413105,0.05972536588073374,2021-09-01
3622A2WU2,784259,M,SP,20170301,35497200.68,351109.8716920701,,33845163.240036674,5.5,5.978,175,175,,0.16006888655752893,0.288026369316834,0.22561342457952127,0.21880126800185562,0.023765143509158038,0.07733145920784812,0.05675730999354789,0.04883666462446601,2021-09-01
3622A2X49,784299,M,SP,20170501,18416377.96,,,67701.05915462166,4,4.359,56,298,,0.47410043884495934,0.421959121102811,0.3996993553225492,0.39668839108733134,0.13312543366521112,0.11412765368445721,0.049331391654645285,0.046242881560223936,2021-09-01
3622A2Y97,784336,M,SP,20170601,23818568.55,,,,3.5,3.896,53,300,,0.4554114394467895,0.419426516903994,0.4108804443716708,0.40743688634051134,0.09831927705278554,0.07763520660198919,0.0516926019821784,0.04819355369577072,2021-09-01
3622A2YA4,784305,M,SP,20170501,20915082.83,,,20914803.66543978,5.5,5.962,172,177,,0.17685722919153946,0.4075093365260021,0.24875665160936422,0.23667207130938828,0.04135807972067751,0.13621720962394435,0.08909030104648408,0.07456311924054138,2021-09-01
3622A2YE6,784309,M,SP,20170501,2379599.83,,,1724.3840948397178,6.5,7.256,256,94,,0.12670684622316164,0.08099251128937279,0.13739184076612354,0.13430009283227584,0.010562822842620112,0.003513845032562246,0.026675147026942736,0.023634272509543197,2021-09-01
3622A2YF3,784310,M,SP,20170501,2085927.59,,,,6.5,7.275,250,99,,0.09601210536107319,0.14136743918613937,0.12929496195416834,0.12602323029219353,0.010599762644943111,0.025098093406655697,0.023001680745715625,0.01949560416461893,2021-09-01
3622A2YG1,784311,M,SP,20170501,7161367.03,,,6838124.462162264,5,5.436,124,228,,0.2108575568440093,0.20945816780300408,0.24472443892553297,0.23978046107461382,0.020576366130546697,0.07517500907929264,0.05333077934457897,0.04756686600849436,2021-09-01
3622A2YQ9,784319,M,SP,20170501,4860831.54,387523.9679421737,,,4.5,4.851,132,216,,0.26805984598320065,0.25239867651893344,0.27063507608065074,0.26844411746403096,0.02371350410649309,0.01958964727994028,0.016509166682129095,0.014134892540341504,2021-09-01
3622A3A67,784529,M,SP,20180601,23491859.45,,,23491462.564025152,5.5,5.952,167,184,,0.31232964965428467,0.2323156665208611,0.239357007957409,0.22941374311308171,0.04608027006366322,0.10530115430736597,0.07541292622265716,0.06357888191663452,2021-09-01
3622A3A91,784532,M,SP,20180601,27382625.39,,,,5,5.431,123,228,,0.2094644592989553,0.2492537834941343,0.2598975097259363,0.25380787415805817,0.019681577404538464,0.09243767143914439,0.062391242765051924,0.055175705361555805,2021-09-01
3622A3AK6,784510,M,SP,20180601,2502497.23,,,,7.5,8.262,275,76,,0.09837089609165517,0.07349029439436627,0.1209028421595717,0.11962033922230464,0,0.014131071881960278,0.011061446338002434,0.010005489235386245,2021-09-01
3622A3AM2,784512,M,SP,20180601,553393601.66,,,,4,4.344,129,219,,0.2899136070338778,0.27641229305424353,0.28129227274591284,0.27978228229499535,0.019373076705043513,0.025187761854836732,0.011018390265141731,0.009664622769324671,2021-09-01
3622A3BA7,784533,M,SP,20180701,2963761.14,334492.52538833,,,7,7.791,249,99,,0.1009352494829352,0.08043307823373314,0.10978307913578056,0.10853471276814586,0.030950824104477803,0.015025582635106782,0.011698499079227265,0.010521409394437464,2021-09-01
3622A3BB5,784534,M,SP,20180701,3203540.93,391596.24172260845,,,7,7.768,243,105,,0.12556976565469802,0.10533935001134442,0.11366283693513779,0.11272851456361677,0.009302861426324194,0.01329284034334921,0.010514451237088385,0.00964586554734892,2021-09-01
3622A3BE9,784537,M,SP,20180701,2819266.45,62708.0877484258,,,7.5,8.281,252,99,,0.17928269970658484,0.08481531509973461,0.11083903219047142,0.1087599427428767,0.026879869493493636,0.036015373322394684,0.018690292654417462,0.01661176420006749,2021-09-01
3622A3CF5,784570,M,SP,20180801,6056276.46,,,,6,6.81,252,96,,0.054655424068302594,0.1305867626601701,0.1277283466582595,0.1259675009767275,0.00015053368689676994,0.0009217069805961264,0.015024297693247757,0.013193700286770693,2021-09-01
3622A3CH1,784572,M,SP,20180801,3482235.62,,,,4.5,5.092,195,150,,0.1135587019703681,0.13511201411678886,0.19479881075440497,0.19389749025507497,0.0038115230102466757,0.011488867621312626,0.00808852586312403,0.007323975714762843,2021-09-01
3622A3CZ1,784588,M,SP,20180901,51669687.29,51669261.32474808,,,5.5,5.953,168,182,,0.249089874651235,0.3173261163875051,0.23938271946591394,0.22923140477580728,0.05288379467475779,0.10759506974657529,0.07543025578994123,0.06333807767137722,2021-09-01
3622AA2S2,785385,M,SP,20210301,30609859.74,,,,6,6.416,189,157,,0.2018949746521158,0.19438328064280141,0.16300023624357474,0.16033516021680627,0.021855001420932996,0.024359403072441554,0.019813758323715458,0.01681994527406483,2021-09-01
3622AA2U7,785387,M,SP,20210301,5397890.64,,,,6,6.458,177,170,,0.2164218648524564,0.17207629648589506,0.17347381538421347,0.17108488992715953,0.03629523303333593,0.017663720581188924,0.019200425609079863,0.0165187850953723,2021-09-01
3622AA4E1,785421,M,SP,20210401,154742131.54,,,,3,3.418,55,297,,0.4009259730991167,0.3951572149866648,0.3742829360201657,0.3715185902439174,0.07139718829745834,0.0986334627875396,0.035135861000909374,0.03324148336657229,2021-09-01
3622AA4F8,785422,M,SP,20210401,76216273.06,,,,3,3.418,55,297,,0.40092597312838973,0.39515721499148726,0.37428293605466845,0.37151859027389655,0.07139718828605834,0.0986334628097294,0.03513586102152266,0.033241483382765225,2021-09-01
3622AA4Z4,785440,M,SP,20210401,240029212.59,,,,2,2.357,6,348,,0.0746527405664209,0.08942464025950492,0.020809895332960737,0.10163902047436757,0.0014032283759115582,0.0027300470689528566,0.0021397633114729198,0.0018437426558637338,2021-09-01
3622AA6E9,785469,M,SP,20210501,12971808.88,,,,4.5,4.953,38,318,,0.5259335857306646,0.4976461920097621,0.4504658816841246,0.44613687545627756,0.17514218420374683,0.16058813313422438,0.07935004233134946,0.07449997831889188,2021-09-01
3622AAA46,784627,M,SP,20181201,2868596.76,,,,6,6.81,261,88,,0.1210262083993664,0.11057643508145965,0.11720686404405445,0.11609976835472624,0.006149212023524919,0.003275565166441341,0.009736176439990585,0.00871075497375784,2021-09-01
3622AAAG9,784607,M,SP,20181001,366913607.56,,,,3.5,3.843,98,250,,0.2835775760692786,0.29095462204353884,0.27194419871451814,0.26977667767265756,0.030743555760003094,0.031318511472398725,0.020369266804617148,0.01856481924664677,2021-09-01
3622AAAM6,784612,M,SP,20181101,2823558.39,67573.22198433669,,,7,7.756,250,99,,0.10833753214968567,0.10332996828433105,0.11183845080206856,0.1108028863516598,0.006705835997534049,0.017912951531972365,0.01103722023507947,0.010049641603989246,2021-09-01
3622AAAW4,784621,M,SP,20181101,7462988.25,,,,6.5,7.183,241,107,,0.11209753001662814,0.11835649229916079,0.12579892719478658,0.12376132717221577,0.006667217563903205,0.012363649193612214,0.015031738250930071,0.012911109277051414,2021-09-01
3622AAAZ7,784624,M,SP,20181201,2462559.77,175427.58504371994,,,7,7.758,289,63,,0.14573108056344286,0.11328760954084749,0.13021504380561022,0.12935648760753515,0.003053088160023365,0.003857972494393347,0.00833444748555745,0.007749049392391072,2021-09-01
3622AABP8,784646,M,SP,20190101,3033283.6,66396.44427626542,,,8,8.763,258,90,,0.11612287956832212,0.09652399093891562,0.10426638664719434,0.10313710300448586,0,0,0.011361873303892933,0.010344314937115295,2021-09-01
3622AAC69,784693,M,SP,20190301,410797795.71,173863968.2500899,,,3.5,3.884,63,291,,0.43051274507511705,0.3954253031902183,0.3809041318823231,0.3776074072352703,0.12101927025750814,0.09379457130978175,0.05890306980945481,0.05534776857474888,2021-09-01
3622AAEG5,784735,M,SP,20190501,854382760.95,,,,3.5,3.825,112,234,,0.28112109771639304,0.2628004238658219,0.2703437701481176,0.2685670477538957,0.026478046862145055,0.017863226148903677,0.013103693647494419,0.011531392224055859,2021-09-01
3622AAEJ9,784737,M,SP,20190501,3545407.45,3544816.450455409,,,6,6.818,253,94,,0.13321343794294038,0.13974095335289527,0.11898288367598253,0.1179930117974547,0.004383959801433579,0,0.010245824493210764,0.00928953914163455,2021-09-01
3622AAF66,784789,M,SP,20190801,14874984.69,,,,3,3.406,96,253,,0.3113371689563511,0.29661899126485447,0.2819802067023369,0.2802628090547049,0.03152378117098087,0.035047919236016245,0.016146265316283936,0.014904887473739747,2021-09-01
3622AAFY5,784783,M,SP,20190701,29014220.09,,,,2.5,3.02,98,252,,0.21170962018195283,0.19561273792683498,0.2462615213503634,0.24470694968932627,0.015428769889913485,0.015526981489118352,0.014702398502621561,0.013751414614221247,2021-09-01
3622AAGK4,784802,M,SP,20190901,3447032.84,,,,6.5,7.275,238,110,,0.11697481890351291,0.11152585140035998,0.1178289772900355,0.11695844100164343,0.002944316079118603,0.020661109325892157,0.00966015491436878,0.00881447861329776,2021-09-01
3622AAGN8,784805,M,SP,20190901,47320360.08,,,,5,5.365,83,273,,0.4159199618513244,0.40590869565006804,0.3615495398942449,0.3554074648613106,0.19661556860741203,0.12897142493262614,0.0936492567091819,0.08625004342624443,2021-09-01
3622AAGW8,784813,M,SP,20190901,103219643.07,,,,2.5,3.033,44,309,,0.41469285477074336,0.42802319194215943,0.346363027452795,0.343077630756493,0.04925916567635513,0.12717595716314134,0.034225851610673375,0.032614716645180564,2021-09-01
3622AAHC1,784827,M,SP,20191001,17762400.62,,1139905.14,,2.5,3.034,37,318,,0.36920611209393817,0.5624885070798102,0.34541335479279933,0.34304865264567075,0.14944140235598702,0.2561907622637699,0.027560010751336517,0.02692517600870059,2021-09-01
3622AAHG2,784831,M,SP,20191001,18012607.56,,,,2.5,3.064,66,286,,0.35414785507509783,0.25540927860320173,0.3051638409021795,0.3020253000901525,0.008333599946931947,0.01449900034294882,0.029795679002516673,0.027112963477743834,2021-09-01
3622AAHH0,784832,M,SP,20191001,45092255.4,,,,2.5,3.027,102,246,,0.24098283214824578,0.21369334262115358,0.23624449203077313,0.23450511517135897,0.010865650409351502,0.011342162032842218,0.01546374308611187,0.014085021675699472,2021-09-01
3622AAHM9,784836,M,SP,20191001,30018512.74,,,,3,3.443,57,296,,0.4159546206435675,0.405439241678185,0.3908864831020544,0.38837304196215816,0.0596117414019075,0.07620832240789432,0.032127011691443164,0.030554902549585816,2021-09-01
3622AAHN7,784837,M,SP,20191001,14552431.31,,,,3,3.418,86,264,,0.3348936513607217,0.31117750041091374,0.30890721611175853,0.30678491955280207,0.03785822548074547,0.044554449707287835,0.021055595023378393,0.019490383114955656,2021-09-01
3622AAJU9,784875,M,SP,20191201,5988284.02,,,,4,4.371,88,263,,0.3415757313260571,0.3104747986379406,0.30756009854845956,0.3045520573033429,0.06888078217800186,0.07077253828483887,0.035941882495022615,0.03288768152551591,2021-09-01
3622AAK45,784915,M,SP,20200201,4726922.82,,,,6,6.51,207,140,,0.1533744467756708,0.1641565341876451,0.15654395344548333,0.15399939605830137,0.0178847463036933,0.014367340758025371,0.020335700115565625,0.017534781243873088,2021-09-01
3622AALP7,784934,M,SP,20200301,132325184.91,,,,3,3.477,48,306,,0.42559145399069187,0.42477628803190837,0.4014748224480892,0.3982700928901779,0.0665773387536156,0.07520168428647078,0.03661654220028465,0.034442807002496245,2021-09-01
3622AANA8,784985,M,SP,20200401,77506881.92,38531.92286206215,,,3.5,3.922,45,309,,0.4776874801912353,0.43832851924553573,0.42282317481572573,0.41887321486240947,0.131787080654317,0.09349163227438184,0.05873050193386686,0.054736766504977385,2021-09-01
3622AAP40,785043,M,SP,20200601,146096962.64,,74974143.77,,3,3.474,50,303,,0.42348811207987824,0.42461742642778955,0.38641333351603513,0.38299705146974716,0.08123511018187712,0.09952722361111377,0.04388409315874353,0.04120035625508689,2021-09-01
3622AAPE8,785021,M,SP,20200501,97857148.9,,,49713300.62169011,4,4.367,54,301,,0.45141551826951554,0.4378014817985878,0.4138640567248313,0.4106103903475833,0.12767388254550494,0.1268915407411545,0.058814965015211884,0.05542477499515419,2021-09-01
3622AAPV0,785036,M,SP,20200601,78369526.67,,65828054.98,,3,3.483,50,303,,0.42276406163649993,0.4277459676570108,0.39097887806723064,0.3871173691580153,0.07853844985626501,0.08383325842886025,0.04112158869087024,0.038068744887227335,2021-09-01
3622AAQJ6,785057,M,SP,20200601,13158900.1,,,,2,2.556,23,331,,0.27757324976330733,0.2574842233979462,0.23311386835322012,0.2306538043555988,0.08228355371120999,0.038406567312074036,0.01390981250692036,0.01281788583432042,2021-09-01
3622AAQZ0,785072,M,SP,20200701,103242252.84,,,,3,3.388,58,295,,0.40646247686315606,0.40394226250807386,0.37251202212514867,0.37033120289311594,0.07319867185059259,0.10062797486080988,0.033894562470551226,0.032513686542033904,2021-09-01
3622AARG1,785087,M,SP,20200801,116094300.8,,,,3.5,3.881,63,291,,0.42015438727308896,0.39340066206299973,0.38336577003987604,0.3801367026228142,0.10975868186526272,0.08980289404726594,0.05358587722734287,0.050236237733901734,2021-09-01
3622AARJ5,785089,M,SP,20200801,78123626.19,,,,4,4.365,82,269,,0.31591424347235775,0.32093832534661926,0.3054150104649037,0.3016659754043274,0.06930486658580115,0.07593710864333592,0.043437930417487114,0.039321878531834775,2021-09-01
3622AARW6,785101,M,SP,20200801,78190182.96,,,,4,4.392,52,303,,0.4608585997944875,0.42991173653656767,0.40687572563626706,0.40274863743193234,0.15043608629879945,0.1371548925041025,0.06685682373117363,0.06230347876221576,2021-09-01
3622AAS70,785142,M,SP,20201001,144340059.04,,144339187.2,,2,2.428,12,341,,0.22939159870031023,0.23561451001124645,0.2366788649869347,0.23436938941350505,0.003988565223984386,0.008042306943741306,0.0039062523061541565,0.0037602748435704436,2021-09-01
3622AAS88,785143,M,SP,20201001,3905402.38,,,,6.5,7.279,273,77,,0.1171606945755731,0.09679964313295064,0.11915503039882358,0.11754923619195223,0.025152502387012277,0.01270202534011522,0.012181880633407305,0.010659605062364408,2021-09-01
3622AAS96,785144,M,SP,20201001,4636941.61,,,,6.5,7.205,237,112,,0.10575859980861102,0.1246550082740765,0.1257756125824021,0.12393336610589722,0.010822898677149584,0.01560962586871295,0.014709875899191927,0.012805986860250806,2021-09-01
3622AASD7,785116,M,SP,20200801,77262182.11,,,,3.5,4.005,34,322,,0.5080732429662274,0.4808519613681822,0.45562910098312515,0.451327174009047,0.1291271080281864,0.09098232822710828,0.060728566202064904,0.05667655127961413,2021-09-01
3622AASH8,785120,M,SP,20200901,108953048.18,,,,4,4.5,36,320,,0.512428135373953,0.5030375526939372,0.45950050711266666,0.4556990796259355,0.1266238847932225,0.12033283959167274,0.05639518257153564,0.05296509447142006,2021-09-01
3622AASS4,785129,M,SP,20200901,5313892.72,,,,6,6.573,220,127,,0.17836760025006315,0.1441368484656329,0.13845752765368513,0.13675182669353292,0.018806536612127833,0.010242824846376064,0.013715755805632557,0.011897313664318898,2021-09-01
3622AAST2,785130,M,SP,20200901,4735211.94,,,,7,7.709,249,100,,0.10447466152222695,0.08019711676896435,0.12901919148786767,0.12730465165182858,0.0047335578340942375,0.016972886765293405,0.014162906122280328,0.012460373364733934,2021-09-01
3622AASX3,785134,M,SP,20200901,43330317.8,,,,5,5.486,41,316,,0.5399907285338696,0.49192283179851715,0.43179273518580263,0.4273002061776242,0.26103064635957973,0.2298147987188297,0.09854241334029046,0.09335304708895686,2021-09-01
3622AASY1,785135,M,SP,20200901,26184864.8,,,,4.5,4.907,58,297,,0.464687237212015,0.4455541451920463,0.40186827716039886,0.39784711471071554,0.13931098046927548,0.13823213991427974,0.06835042900943256,0.06367089653874791,2021-09-01
3622AATD6,785148,M,SP,20201001,96341397.14,,,,3,3.484,26,331,,0.4841656863798425,0.4910998077523303,0.4517969292302032,0.4481080273189152,0.10852039460307161,0.12162679786344499,0.03768017260815126,0.036277994489195886,2021-09-01
3622AAVA9,785209,M,SP,20201201,59187980.5,,,,5.5,5.969,40,317,,0.4979780301704061,0.47505871375569153,0.3914041749782955,0.3860818261303959,0.24429184478446864,0.19404293818296103,0.10979745340730995,0.10297490241694618,2021-09-01
3622AAWK6,785250,M,SP,20210101,76741791.77,,,,3.5,3.881,72,281,,0.39191548235785745,0.36295799989651245,0.3657627673163726,0.36295116231529545,0.08123248122302107,0.055737422362730715,0.03707592438982854,0.034574125784297305,2021-09-01
3622AAWT7,785258,M,SP,20210101,20462202.28,,,,4,4.381,63,291,,0.4184140094293791,0.40389359526124613,0.37368903617556426,0.3701920741181952,0.1082437038472398,0.11053622937996643,0.052834978928575804,0.04914292490789751,2021-09-01
3622AAXM1,785284,M,SP,20210101,79458936.78,,,79137153.69672623,4,4.366,54,301,,0.45374902993840605,0.4387374053136168,0.41269393605416316,0.40951440840475983,0.12858612572798178,0.12922707412859835,0.05803233933341678,0.05473007087429538,2021-09-01
3622AAXY5,785295,M,SP,20210201,150346958.28,,,,5,5.527,39,318,,0.5803903340578299,0.5663305317686992,0.43718385483732325,0.43107523151292315,0.279308481457193,0.3516558994155583,0.12672649261836733,0.11864122896314866,2021-09-01
3622AAXZ2,785296,M,SP,20210201,86287195.58,,,,5.5,5.921,56,300,,0.45854385681297183,0.5001878068243195,0.37487944134978635,0.3681411529303571,0.15864968290697234,0.2518781627238994,0.12827690268722414,0.11952004964085328,2021-09-01
3622AAYW8,785325,M,SP,20210201,4103848.19,,,,5,5.424,150,198,,0.2770191973533248,0.290558253591068,0.242448352497319,0.2382733226954159,0.055673352420811395,0.0853205964476833,0.04147481717711132,0.036683554185191536,2021-09-01
3622AAZE7,785341,M,SP,20210201,9201480.03,,,,5.5,5.964,172,178,,0.2385054678622417,0.25585764805808897,0.20295292420147815,0.19902201450455537,0.03219579488540014,0.03417649465194572,0.03326791119457473,0.028886410096646165,2021-09-01
3622ABAL6,785511,M,SP,20210601,180108893.63,,,,2,2.416,10,344,,0.2020571761996316,0.2037450291905466,0.2144059146328583,0.21211131679584339,0.0043497970541628295,0.005574589543163255,0.0033310122451276625,0.003225093470062501,2021-09-01
3622ABC67,785593,M,SP,20210801,51604602.03,,,,3.5,3.926,20,336,,,0.5241448831243257,0.4639285296352774,0.4552092036392048,,0.19020083262096898,0.10210446847947552,0.0926039823570246,2021-09-01
3622ABCN0,785577,M,SP,20210801,74580856.76,,,74579958.51918456,4,4.396,50,304,,,0.43853956986217524,0.42220066432968184,0.41863428724592644,,0.12061602730406473,0.06275532884190871,0.05902594789514404,2021-09-01
3622ABCP5,785578,M,SP,20210801,93185135.74,,,,3.5,3.885,71,282,,,0.3578816579523132,0.3699190296189243,0.3670686594484217,,0.05475160099184295,0.038613888554674514,0.03599990226759553,2021-09-01
3622ABCX8,785586,M,SP,20210801,36341079.68,,,,3.5,3.876,67,286,,,0.38645354406496557,0.3696589627552084,0.3668378221340457,,0.07940964111593063,0.04671668631891901,0.04399648594277672,2021-09-01
3622ABCY6,785587,M,SP,20210801,32893879.07,,,,3.5,3.851,96,253,,,0.28159337938860796,0.29219273363321485,0.29012169999977033,,0.029119600679979207,0.02165220312855476,0.01989296352550729,2021-09-01
3622ABDA7,785597,M,SP,20210801,117256474.94,,,,3.5,4.002,29,327,,,0.5292920181105067,0.47920541371056635,0.47512964059384943,,0.12483218085559167,0.07264550280333515,0.06849680028465999,2021-09-01
3622ABEE8,785633,M,SP,20210901,165496786.17,,,,5,5.517,38,319,,,,,,,,,,2021-09-01
3622ABEF5,785634,M,SP,20210901,120697265.13,,,,5,5.452,50,306,,,,,,,,,,2021-09-01
3622ABEX6,785650,M,SP,20210901,153784813.25,,,,4,4.381,52,302,,,,,,,,,,2021-09-01
36241K2D9,782572,M,SP,20090201,2548425.27,,,,5,5.569,160,191,,0.2515642078255036,0.3342676200594802,0.22909423136460094,0.22599830608863225,0.013266280379466977,0.025126164173785215,0.020423294082710264,0.016813554582072454,2021-09-01
36241K2Q0,782583,M,SP,20090201,2348891.1,,,,5.5,5.961,163,186,,0.21927197568450818,0.22741111630209077,0.21653031774861797,0.21267064854306406,0.03337322175022883,0.03960995067574202,0.028865417907780078,0.02429050054402937,2021-09-01
36241K2V9,782588,M,SP,20090301,2411725.58,,,,5,5.553,162,185,,0.08368916338118826,0.05993345703680464,0.21497291323621226,0.21432690739906224,0,0,0.01123089700984603,0.010709539985453098,2021-09-01
36241K3F3,782598,M,SP,20090301,2823370.19,,,,5,5.51,154,195,,0.23842027819686973,0.2785462895879941,0.2346701408130698,0.23270150648070442,0.03416578270191628,0.05140695846524912,0.01557032547756465,0.013488884868824935,2021-09-01
36241K3R7,782608,M,SP,20090301,2765681.56,80331.66137388126,,26035.592508143647,5,5.535,159,191,,0.17821248129186285,0.29745475437861657,0.22658516643420634,0.2249278765270255,0.013533749574150655,0.06596180764791926,0.0122073127193566,0.010554345037667057,2021-09-01
36241K3U0,782611,M,SP,20090301,5622543.32,2962201.235255907,,1542710.2160862882,5.5,5.989,158,191,,0.22357013437056716,0.2432014403094378,0.2094904873693555,0.20727441048156614,0.023419477476767536,0.026144173070313914,0.01764792664180448,0.01515889348257049,2021-09-01
36241K5T1,782658,M,SP,20090501,2256487.64,2256374.821258937,,,5.5,5.935,158,190,,0.21220241612203272,0.15807815390756486,0.2147261473581179,0.21207198505998015,0.018128029477947782,0.0150972044862272,0.018846383129270117,0.015809496949397928,2021-09-01
36241K7D4,782692,M,SP,20090601,1586996.59,1586837.906209379,,,5,5.465,157,193,,0.22655474431679612,0.18607676477821722,0.23244452346902622,0.22984669507805122,0.022587165846404855,0.027939233203946645,0.018904708386104585,0.01593419646892391,2021-09-01
36241KA81,781831,M,SP,20041101,2781491.09,2781352.0223988798,,,5,5.588,208,137,,0.24273059598283808,0.20351559975917988,0.18203271634687712,0.1796333381456129,0.017587130698454412,0.011147526230819604,0.014283425700974184,0.01161423183542587,2021-09-01
36241KB49,781859,M,SP,20050101,6169653.93,1205855.706461782,,74315.47973356291,5,5.596,203,144,,0.25632170226746254,0.11924048045640157,0.18808713655431597,0.18643916263767402,0.0013542292943876655,0.01639600467271618,0.012102515888356757,0.010347134421523019,2021-09-01
36241KC55,781892,M,SP,20050301,2853964.48,2853821.961861919,,,6,6.45,216,131,,0.24566493732933992,0.09013619883268853,0.13964562429201088,0.13779945516542014,0.036262196499564636,0.01890713985049841,0.017040922458562036,0.015091102537789891,2021-09-01
36241KCG1,781871,M,SP,20050201,4364773.31,,,,5.5,6.022,203,143,,0.24862564561081368,0.1900923933525206,0.1658469921998178,0.16353094889774855,0.018388379246407127,0.025407273797502516,0.018957282168327927,0.016416783448376826,2021-09-01
36241KDB1,781898,M,SP,20050401,507403.38,,,,4.5,5.059,210,130,,0.016970226186975967,0.017702666987565174,0.1834573832315558,0.18314709880946922,0,0,0.0010291413542438121,0.0010295411515759412,2021-09-01
36241KDC9,781899,M,SP,20050401,5934185.42,2895208.219194284,,,5.5,5.994,203,144,,0.2545550816500094,0.19696974087249497,0.16801525310259535,0.16526102645675778,0,0.042292032185342054,0.018410064100203405,0.01538183957863748,2021-09-01
36241KDD7,781900,M,SP,20050401,3113939.23,96775.96750660863,,,6,6.391,203,141,,0.25746385222439105,0.20489914781231477,0.14236531316773726,0.14044538352383984,0.08364691824112414,0.01013790729426367,0.01643097515643932,0.01437828608900571,2021-09-01
36241KDS4,781913,M,SP,20050401,6278208.78,6278051.828704283,,,5.5,5.927,207,140,,0.1845012664216369,0.22014648265023684,0.16550209731022603,0.16398155927387625,0.023204993402589413,0.02571481583407864,0.01109682073205065,0.009527520853957472,2021-09-01
36241KDW5,781917,M,SP,20050401,6173488.66,,,,6,6.593,222,126,,0.17098716773728617,0.15651854862134484,0.13126910208175058,0.12976012912611057,0.04362902778912903,0.007856780183112533,0.012355386501392895,0.01077644615360196,2021-09-01
36241KE46,781955,M,SP,20050701,3518338.1,,,,4.5,5.13,198,151,,0.14391356926043464,0.05408589630616334,0.18519818179122827,0.18500468125256053,0.06335183354677598,0,0.0031148007502547204,0.003104419906673428,2021-09-01
36241KE53,781956,M,SP,20050701,3417250.72,53459.02018011671,,,6,6.396,203,143,,0.12056042823667279,0.15918607429415443,0.1461404526631478,0.14392115477574086,0.0105073681626634,0.016445083642854574,0.018524900161485003,0.016091142193055186,2021-09-01
36241KES3,781945,M,SP,20050701,5692684.36,5692542.046448839,,,5,5.593,199,148,,0.22929308501277124,0.2333625309843509,0.18504403733714125,0.18383699405497367,0.03365937451614576,0.01781506463462068,0.008743393647486108,0.007535003297662546,2021-09-01
36241KF29,781985,M,SP,20050901,3397115.42,3350473.9985083067,,46471.57421305735,6,6.424,202,143,,0.19220266764814264,0.2010118174128287,0.15316238123864745,0.15083974475562223,0.008162956227327434,0.017022948684655925,0.017650622008896888,0.015076616063776194,2021-09-01
36241KFB9,781962,M,SP,20050701,4322951.38,,,,4,4.588,212,139,,0.010822478130004698,0.1359919972852528,0.19587631787611137,0.1955459715112592,0,0.12680225201909245,0.004811899481527382,0.004687907540324776,2021-09-01
36241KFU7,781979,M,SP,20050801,5288325.87,,,,6.5,6.823,206,139,,0.1078564903296435,0.12252632360081439,0.1346969997416433,0.13313561343342106,0.034359427145176924,0.023561770874400034,0.014223265607980151,0.012591752203751527,2021-09-01
36241KGD4,781996,M,SP,20051101,399746.03,15087.131392848021,4336.48,,4.5,5.083,199,147,,0.3226429232609195,0.15887248217117445,0.18459086402419256,0.18434163182284036,0.1312615273962856,0,0.006036962957727154,0.005948075562627664,2021-09-01
36241KGF9,781998,M,SP,20051101,6391410.09,1019779.7184625232,,72300.41194886772,5.5,5.967,192,155,,0.14882204724550585,0.2537663906757771,0.18117886787332904,0.17910669178125405,0.038445669097632806,0.011853360946119218,0.016969146352491138,0.014705728460378986,2021-09-01
36241KHT8,782042,M,SP,20060101,9350742.46,57027.636613731906,,8035531.686293604,7,7.752,245,102,,0.14746182442095235,0.10071407403305233,0.12243019773377495,0.12091707222609471,0.014590666919360507,0.010149224138603419,0.01642477950026311,0.014864487275066951,2021-09-01
36241KHU5,782043,M,SP,20060101,2518456.36,,,,7.5,8.265,258,91,,0.1052943356909759,0.1186000847156935,0.11690328412867967,0.1151119834740223,0.00940426037102915,0.04149380520827417,0.016656354168176124,0.014947501687603282,2021-09-01
36241KJ41,782083,M,SP,20060401,3362257.77,2853738.765701772,,55705.82995610769,6.5,7.017,219,129,,0.13490087768346604,0.11678982625795198,0.13471615667048809,0.13254453310352798,0.04140844828281154,0.006361822088433722,0.015990558835449198,0.013623448905512148,2021-09-01
36241KJB5,782058,M,SP,20060201,4106948.95,2060902.8558002524,,85966.97471544288,6.5,6.884,209,137,,0.10384242682221112,0.09702407131483726,0.14322355192721647,0.14008863174942343,0.0013936651896171437,0.0029131927499246313,0.022558066145236366,0.019132768380581977,2021-09-01
36241KJC3,782059,M,SP,20060201,1595024.69,172327.24872288993,5570.05,218726.1893830662,4,4.617,214,136,,0.006238808361968107,0.00860338643977654,0.17072499789567352,0.1706222241928279,0,0,0.000429578871926406,0.00043006375686893694,2021-09-01
36241KJD1,782060,M,SP,20060201,1185159,1184944.0289426497,,,4.5,5.07,203,143,,0.5046921008437246,0.4637027594598271,0.18550782903097762,0.18515070265781608,0.4771338336204377,0.00184477413962425,0.001800073563225646,0.0016977448485204771,2021-09-01
36241KKF4,782094,M,SP,20060501,3920957.86,,,,6,6.394,203,141,,0.147885962484959,0.238449923810786,0.14633682065686737,0.1445449726717012,0.008330583635765332,0.014288473921226896,0.013772631318528572,0.01181557375987985,2021-09-01
36241KKG2,782095,M,SP,20060601,7054615.92,2921097.787884354,,219590.54260434944,6,6.38,208,138,,0.1671532761740382,0.15975422307713594,0.14304800319532607,0.14067973397889,0.017467580524340942,0.027458110160157423,0.017684683533145118,0.015101948684330568,2021-09-01
36241KLW6,782141,M,SP,20070301,857183.47,,,,7,7.758,255,93,,0.15313131099049626,0.08842576986102202,0.11745653097355979,0.11669143882401734,0.032483403024980095,0.0006807181166331722,0.008365042181440852,0.00770436745935088,2021-09-01
36241KMD7,782156,M,SP,20070501,1614278.01,521330.8290934252,47029.38,341150.36537264794,5,5.63,176,170,,0.007246488059612477,0.007669248048071453,0.17655098593842744,0.17634546803032225,0,0,0.0005981317429016864,0.0005978620764477416,2021-09-01
36241KMH8,782160,M,SP,20070501,1912915.95,,,,5.5,6.078,179,169,,0.2588014820462258,0.2796757612223343,0.18160449060362238,0.1797610852907262,0.03712278110165168,0.04496923706602407,0.01850971757156261,0.016458352450183233,2021-09-01
36241KMW5,782173,M,SP,20070701,3241789.28,1178895.5811063908,,,5.5,5.984,205,141,,0.21771283681318476,0.17664125056568492,0.17391599444032357,0.169964817653946,0.0166636621627807,0.035531537348366116,0.021875421072301893,0.017396721743980548,2021-09-01
36241KP28,782241,M,SP,20071201,10854872.57,,,,5.5,6.063,175,173,,0.3257705863733703,0.22977939752506527,0.18118611006827134,0.17959084376336532,0.11951235902860069,0.020205055750392997,0.014426939350002388,0.012711898079516337,2021-09-01
36241KPH5,782224,M,SP,20071101,528142.31,22072.648656765305,,48384.72043758574,5,5.589,211,135,,0.1750800127295925,0.24839394565532813,0.18341765057320292,0.18145365348411446,0.007119994711799582,0.016467957245613007,0.014083429965195404,0.011974946448508494,2021-09-01
36241KPT9,782234,M,SP,20071201,2094851.69,,,,5.5,6.025,179,169,,0.3353364324687468,0.32359607502457133,0.18593400648034053,0.18352838577157038,0.035344800489702566,0.03586579373391652,0.017727362721354778,0.015044183384633314,2021-09-01
36241KQJ0,782257,M,SP,20080101,2540377.79,1529533.665493151,123711.92,49866.24161675971,4.5,5.101,192,156,,0.11386099792036763,0.37284863882583996,0.19230326658657793,0.19210451337852885,0.03883429641553393,0,0.0020441563632050963,0.002040102729177762,2021-09-01
36241KRS9,782297,M,SP,20080301,2428214.23,2427971.4328567144,,,6,6.399,198,147,,0.16180633243240938,0.20421134468643054,0.149953095980499,0.14841076516486418,0.01994415564864571,0.00978498550829876,0.01399912153783811,0.012332776167105819,2021-09-01
36241KRW0,782301,M,SP,20080301,4036127.28,,,,6,6.485,175,175,,0.203131064587469,0.21115814422946155,0.18156392050255565,0.1781241034314741,0.019524040225435524,0.01974491038595505,0.027141642289817858,0.023141434531171345,2021-09-01
36241KS33,782338,M,SP,20080601,838608.14,,,,4.5,5.099,165,182,,0.09280963962084054,0.004411829388488497,0.24003579339467762,0.23983581758661254,0.0008813774438256594,0,0.00280218814923916,0.0027990999670957084,2021-09-01
36241KS90,782344,M,SP,20080601,4415024.54,,,,6,6.438,162,186,,0.1523431895053221,0.21733413310378102,0.19047078296677755,0.18695952281921924,0.02151383981855981,0.030893729048024454,0.025768708011774666,0.021696720120784163,2021-09-01
36241KSC3,782315,M,SP,20080401,1844556,,,,5,5.622,200,147,,0.17306149733228293,0.1811755431909582,0.1905789432986128,0.18781846581919004,0.0016728209259129212,0.0021680529562196904,0.019114292445744474,0.016003793300743974,2021-09-01
36241KTE8,782349,M,SP,20080601,7838059.44,7837954.941736647,,,6,6.497,165,184,,0.21370020972515769,0.21155559620534803,0.19086169348959103,0.18738714250461663,0.04033270352935703,0.0485581018774327,0.02742972260923071,0.023357177916229044,2021-09-01
36241KTH1,782352,M,SP,20080601,2138755.2,,,,5.5,5.955,165,185,,0.25780201341778597,0.254155495014287,0.2106189758027195,0.20743955410197745,0.06298502281910612,0.0263000703764823,0.023147750547798385,0.019466166646707195,2021-09-01
36241KU30,782402,M,SP,20080901,12353031.44,6790889.257128881,,3326606.8536229143,5.5,5.925,159,189,,0.2146971768183743,0.13279960656830248,0.21506447331403622,0.2121798050680147,0.015574206466725915,0.009769863354800234,0.020486359076383187,0.017160285787840235,2021-09-01
36241KUA4,782377,M,SP,20080801,1470451.02,1470204.5783273547,,,4.5,5.103,201,146,,0.2161314546283063,0.1527811170660568,0.1769755175909481,0.17674139369637565,0.0005268466977392805,0,0.002723997245359655,0.002659262638519788,2021-09-01
36241KUB2,782378,M,SP,20080801,2799097.85,582290.7587347757,,676191.6697394466,5,5.503,215,131,,0.1677174464384703,0.19924692663852162,0.1846727509645708,0.18294038910218635,0.013664256918310413,0.020562423202211577,0.011941422573757299,0.01017417860840697,2021-09-01
36241KUR7,782392,M,SP,20080901,14518074.15,14411365.40135224,,106605.51537124565,6,6.421,163,185,,0.15879376337705053,0.2334274562490819,0.19033868498597184,0.18690769618246106,0.019642427428332554,0.035143087678841334,0.02617310481201507,0.02219475845766239,2021-09-01
36241KV21,782433,M,SP,20081001,23432757.76,21059400.68792465,,411243.406426385,6,6.426,164,184,,0.2277782142363376,0.20067837935048105,0.1867163033265251,0.18402944733996507,0.027745608726774784,0.0385253333321941,0.020466832378540967,0.017374547554182884,2021-09-01
36241KVL9,782419,M,SP,20081001,6343640.5,,,,5.5,5.991,183,167,,0.22673179586889658,0.2329583273386755,0.1878915929884104,0.18523285896226982,0.010546125118738758,0.019423157752819442,0.017757440773259137,0.014760544673981912,2021-09-01
36241KVM7,782420,M,SP,20081001,2195532.37,,,,5.5,5.976,167,182,,0.2583873357940073,0.21492158872923917,0.20630408761015107,0.2031092361443969,0.019173391671400197,0.03079044022756372,0.02292884659732819,0.019238956494507797,2021-09-01
36241KVN5,782421,M,SP,20081001,2733531.76,,,,5.5,5.934,175,174,,0.21616923302858182,0.21614946156644188,0.19722444108047554,0.19509522677469704,0.02475156298861425,0.022122537953902066,0.015341182327827996,0.012994072066196294,2021-09-01
36241KVU9,782427,M,SP,20081001,20855227.27,5375434.729780666,,1353302.8623278046,5.5,5.966,161,188,,0.2405470745536047,0.2611482928520922,0.2101376399809548,0.20787578847402943,0.028395717932786946,0.024587054021562915,0.016444539380690237,0.013913297227504895,2021-09-01
36241KVX3,782430,M,SP,20081001,2110629.66,,,,5.5,5.972,168,180,,0.34777773649732546,0.1913351167799453,0.19738786474185388,0.19523596063244453,0.24696443097364496,0.022238088030488212,0.015776735126737385,0.013387636355000176,2021-09-01
36241KVY1,782431,M,SP,20081001,10552980.77,3593968.575933139,22167.09,246819.15175974302,5,5.516,164,183,,0.24265962794008789,0.14629026083956098,0.21864996565142125,0.21659290789172747,0.0022504821959618004,0.00765946209515167,0.01499339131859212,0.012764719172074113,2021-09-01
36241KVZ8,782432,M,SP,20081001,15793040.13,10077250.51743413,,1365468.812306694,5.5,5.947,161,188,,0.21231035545727361,0.2574469001516835,0.2097456895988189,0.20773955678387057,0.030154358482465504,0.028302688942511645,0.014804849855553859,0.012589230622171876,2021-09-01
36241KW79,782470,M,SP,20081101,1634957.17,,,,5.5,5.998,177,172,,0.21586213198996407,0.2411810534288562,0.19160537752662876,0.18969740845165117,0.01899924928683827,0.03297582470955618,0.014131844113792091,0.012072651258546396,2021-09-01
36241KWE4,782445,M,SP,20081001,1705182.03,,,,4.5,4.976,173,168,,0.2066848739267244,0.3893984355459812,0.2176315405569359,0.21737643365525627,0,0,0.0011520279422324586,0.0011530482849343437,2021-09-01
36241KXH6,782480,M,SP,20081201,3061568.77,,,,5,5.629,185,163,,0.07961074302518178,0.26942676009142363,0.20344505272012126,0.19944085590302807,8.005208298467181e-05,7.713381728702284e-05,0.021378972218389358,0.01667399978623718,2021-09-01
36241KY69,782533,M,SP,20090101,2105247.16,,,,5.5,6.067,172,176,,0.10482492921898157,0.2038909334529927,0.18067740071419924,0.1797983131189319,0.0024238902018397512,0.005184167867402278,0.010860454010079845,0.009984666696804978,2021-09-01
36241KYB8,782506,M,SP,20081201,2430530.11,,,,7,7.355,161,184,,0.07303174208668639,0.21898007394345675,0.1858286864756693,0.1792243370170592,0.012220848322218147,0.16311300978103827,0.04562845399336524,0.03801403778614343,2021-09-01
36241KYG7,782511,M,SP,20081201,3721326.41,,,,6,6.475,178,170,,0.18728342541103904,0.19172055214073613,0.17961684817435097,0.17618581940553024,0.028222777347495898,0.03273318735529496,0.027090929037085543,0.023124700454418057,2021-09-01
36241KYH5,782512,M,SP,20081201,6416583.76,6416464.098967521,,,6.5,6.891,165,184,,0.20011337602430135,0.18730623371109179,0.1883604534079273,0.1840198617310982,0.01748717066581673,0.0730888526814999,0.03276812494246295,0.027686718496330753,2021-09-01
36241KYY8,782527,M,SP,20081201,2622867.82,958335.7901048791,,404634.80094285595,5,5.59,196,152,,0.19071439411678548,0.18815627051439898,0.19405847572627677,0.1921223592939958,0.0076842697554290185,0.011107513423559312,0.01237139217743588,0.010261351379426409,2021-09-01
36241KZN1,782549,M,SP,20090201,3428659.72,7836.563333174611,,1623.0502233421266,4.5,5.026,163,183,,0.10022427783833343,0.1721036552838202,0.2343998551669927,0.23404007904302537,0,2.968033220140942e-05,0.003045508417711451,0.003002591771803509,2021-09-01
36241KZP6,782550,M,SP,20090201,8660448.92,7179093.195300546,1466390.3,706.7079360786854,5,5.551,159,191,,0.26262983789544136,0.3656410353214138,0.22834381585712193,0.22574043059858728,0.017824643187440925,0.038669037321551025,0.01881273503101477,0.01585080596596855,2021-09-01
36241L2A3,783469,M,SP,20111101,20180778.65,20136507.831168264,29917.24,,4.5,4.8,121,228,,0.2483514736613427,0.19709943912342565,0.25631605976044525,0.25419350134776997,0.030169462992730378,0.02748307209550227,0.017960928935407128,0.015746769262156235,2021-09-01
36241L2B1,783470,M,SP,20111101,18523882.42,18523511.949761007,,,4.5,4.796,127,220,,0.3406674690040713,0.26309364277887315,0.27863262084054863,0.2765544047428965,0.010693121671226158,0.009679166468910871,0.015734750583582202,0.013440166184100932,2021-09-01
36241L2N5,783481,M,SP,20111101,21905739.04,,,,4.5,4.822,125,223,,0.27789501646047465,0.23858926335409136,0.2697150072068889,0.2678791985363924,0.021444894166114947,0.01923804425334741,0.012735489853121451,0.011017360855122615,2021-09-01
36241L2R6,783484,M,SP,20111101,28765438.9,,,,4.5,4.825,126,222,,0.2758208810605939,0.22906058494274006,0.26969026463805956,0.2679770801982122,0.02052483861869414,0.015615756471870967,0.01248940632748552,0.010913110872338816,2021-09-01
36241L3U8,783511,M,SP,20120101,27910146.85,,9100799.59,18723825.276272118,4,4.295,118,230,,0.2666897545212794,0.24562949496266928,0.26953391520061776,0.26775733925514356,0.021289897118628165,0.02041527317328551,0.014223294404796749,0.012518153487409145,2021-09-01
36241L3V6,783512,M,SP,20120101,14691778.84,14691289.13036232,,,4,4.338,130,218,,0.2782350971994155,0.293628737011986,0.2830058584645545,0.28174881734111745,0.02000045675692319,0.02661863469401249,0.00887141332216479,0.007871028586066253,2021-09-01
36241L3W4,783513,M,SP,20120101,11870690.88,11851420.277922079,18800.59,,4,4.363,126,222,,0.27914998384834866,0.27193872324649315,0.2779908328513715,0.2764872237648117,0.019711568992099693,0.026107869988833632,0.011318396351152504,0.00999793583706765,2021-09-01
36241L4C7,783519,M,SP,20120101,29715703.82,,,,4,4.327,129,219,,0.2956716806694414,0.28706099817469066,0.28197918504053265,0.28039996213396834,0.015607676240500967,0.018963668912022946,0.011265134740686022,0.009872046460609352,2021-09-01
36241L4E3,783521,M,SP,20120101,26083752.05,,,,4,4.363,121,227,,0.24863744828174406,0.2629197993687009,0.26833439540506143,0.26637755944699104,0.01479569368776712,0.017157390947415974,0.015447903266735952,0.013476833567497515,2021-09-01
36241L4G8,783523,M,SP,20120201,9033116.67,2920635.6950494605,,427433.3537407386,5.5,5.978,166,181,,0.19205959291684493,0.19852649442639325,0.1874776808461749,0.1833071133315317,0.013460538829988877,0.013856682275049548,0.02650199803842035,0.021736042130309996,2021-09-01
36241L4P8,783530,M,SP,20120201,3140517.22,426513.4395601863,,,5.5,5.997,175,173,,0.13762641925688934,0.1963167149944416,0.18786773196855655,0.18227118873874604,0.0017474363833486217,0.08528349603526031,0.03374331644182338,0.027261833775247046,2021-09-01
36241L5C6,783543,M,SP,20120301,12784021.99,,12783381.76,,3.5,3.844,116,231,,0.26258210402166693,0.22800517889394323,0.27201753885960456,0.27055137062883494,0.008991081713398241,0.011668085878930867,0.009826586424001138,0.00876048381616401,2021-09-01
36241L5J1,783549,M,SP,20120301,872367.47,763574.5806068433,,,5.5,5.943,166,182,,0.23726241772678824,0.14094285533721806,0.19256368325175388,0.18844099143341408,0.023410081875305244,0.013118528309592703,0.02659457884295713,0.02189229764463274,2021-09-01
36241L5N2,783553,M,SP,20120301,25727105.62,25723926.22846458,2750.65,,4.5,4.796,122,225,,0.2726231529062375,0.2413616639307703,0.2611965552615918,0.25846551081042557,0.04298462594670205,0.01514376400967632,0.021049270071029524,0.018004486565304734,2021-09-01
36241L5S1,783557,M,SP,20120401,12501284.46,,12500659.06,,3.5,3.829,115,232,,0.2593674135087134,0.2658307338438033,0.2751287023833999,0.2735883770492503,0.02478482785646574,0.01565732754047766,0.01098296678270616,0.009737628317783908,2021-09-01
36241L5T9,783558,M,SP,20120401,12501284.46,,12500659.01,,3.5,3.829,115,232,,0.2593674135087134,0.2658307338438033,0.2751287023833999,0.2735883770492503,0.02478482785646574,0.01565732754047766,0.01098296678270616,0.009737628317783908,2021-09-01
36241L6F8,783570,M,SP,20120501,1578853.39,585156.378836406,,,5.5,5.995,213,134,,0.1667351114522988,0.1682313573739299,0.16097524092703996,0.15883489167714393,0.01486565709688803,0.022479679407927167,0.014471081910478079,0.012166743775186561,2021-09-01
36241L6M3,783576,M,SP,20120501,23684978.23,,,,4.5,4.8,122,227,,0.25293226910491673,0.21953877488513462,0.2581983268012612,0.2559208633762835,0.032072563681941224,0.02130196920283778,0.01774861529000271,0.015368427270838647,2021-09-01
36241L6P6,783578,M,SP,20120601,18383117.66,16639477.21612617,108190.29,,4.5,4.81,127,221,,0.24264946440530988,0.261921280576382,0.28156632462484055,0.2796502509403218,0.013941430447089065,0.019043422299895862,0.01412412814240882,0.012197878698913645,2021-09-01
36241L6T8,783582,M,SP,20120601,26025256.22,,19682618.84,,3.5,3.815,112,235,,0.26670250097373305,0.2828419292503145,0.27092177854092403,0.2691233535527501,0.021272141791651045,0.01718380698526345,0.013598546118780752,0.011964280029553631,2021-09-01
36241L6V3,783584,M,SP,20120601,26736332.89,18968247.216753505,812991.57,,4.5,4.811,123,226,,0.28496065622929456,0.2325354902501976,0.2625374192642642,0.2604164437146639,0.025726420427535146,0.023154595301170144,0.015368647869213659,0.0132800333457459,2021-09-01
36241L6X9,783586,M,SP,20120601,12455799.6,,12455176.3,,3.5,3.821,113,233,,0.287293426949618,0.25668617088764123,0.2735247797163707,0.2718217159286943,0.02121218283873394,0.017975032881008213,0.012434918053446431,0.010977331977943483,2021-09-01
36241L7A8,783589,M,SP,20120601,19519104.78,,,,3.5,3.815,112,235,,0.26670250097373305,0.2828419292503145,0.27092177854092403,0.2691233535527501,0.021272141791651045,0.01718380698526345,0.013598546118780752,0.011964280029553631,2021-09-01
36241L7B6,783590,M,SP,20120601,33792367.7,5303345.742468044,1391992.97,,4.5,4.827,124,224,,0.27572945964718387,0.21597412318652753,0.2648336899850229,0.2634785676231388,0.019352704049956815,0.015194211188455875,0.00971631183581545,0.008748302226137983,2021-09-01
36241L7C4,783591,M,SP,20120601,26736332.82,17963023.525916073,,19119.100311238344,4.5,4.811,123,226,,0.28496065622929456,0.2325354902501976,0.2625374192642642,0.2604164437146639,0.025726420427535146,0.023154595301170144,0.015368647869213659,0.0132800333457459,2021-09-01
36241LAP1,782714,M,SP,20090701,651731.7,,,178630.3931983803,5.5,5.994,157,192,,0.1922669871946835,0.26177691992752317,0.2023102826843154,0.2005196200211078,0.008210401980178528,0.02436113304292642,0.0152323132813319,0.013314631710083513,2021-09-01
36241LFF8,782866,M,SP,20100201,9189209.46,260948.45074970456,,,7,7.754,244,103,,0.14369219298237246,0.15975057173119456,0.12251962007515682,0.12105198316671129,0.014889018425326306,0.011251704049545008,0.015949489826214802,0.01444052634367543,2021-09-01
36241LGE0,782897,M,SP,20100301,1532967,,,1532683.126442856,7,7.363,160,187,,0.16796577415408598,0.250444024453062,0.1991383827837665,0.1913762830764686,0.03688622311733847,0.18834699502563668,0.05929065328209904,0.05026263548865406,2021-09-01
36241LGS9,782909,M,SP,20100301,4364977.75,336509.1128844064,,3495998.2463879846,5.5,5.921,150,199,,0.23210084564876876,0.24928667627885925,0.21084857403398682,0.20795082007232213,0.027346894720591042,0.03720699718002163,0.02033289711840003,0.01701678432462983,2021-09-01
36241LGW0,782913,M,SP,20100301,5595603.5,28584.02338195533,,388345.77985730657,5.5,5.942,153,196,,0.22116505725552105,0.24054166654472342,0.20448232455791115,0.20223598684316857,0.029959731541856605,0.025132898431404205,0.01684037473429556,0.014350735929020919,2021-09-01
36241LH66,782953,M,SP,20100501,4388020.49,2523502.855660834,,645269.1137073787,5.5,5.958,155,193,,0.13288386401009278,0.23678118699102713,0.20356430636248912,0.20119493636316144,0.017007478979288004,0.02380766743309848,0.018123138274727224,0.015454373757664341,2021-09-01
36241LHV1,782944,M,SP,20100501,4451256.54,,,4273440.447298124,5.5,5.977,152,196,,0.22600404204579294,0.1795669670634239,0.19076445618787163,0.18957120655274529,0.038097125404101706,0.015415753695379286,0.01137904419707847,0.010194243683219195,2021-09-01
36241LK47,783015,M,SP,20100701,2932815.92,329181.71044975024,,76627.63841421617,5,5.285,135,214,,0.21978856915379286,0.2551604259430489,0.2532135057265088,0.2508615749332094,0.007951139249616213,0.017097625478666223,0.01726429772106508,0.014623982748157016,2021-09-01
36241LK88,783019,M,SP,20100701,3310189.42,,,,5.5,6.009,192,155,,0.16698101783656816,0.25139419323321965,0.17469073290035841,0.17296715679662822,0.0314924134382627,0.01301233940073665,0.013282797429568283,0.011463239425987592,2021-09-01
36241LK96,783020,M,SP,20100701,12479131.78,,,,5.5,5.837,145,203,,0.2735334970146711,0.2788761261338163,0.20249436938282395,0.19987131895490728,0.01902852665486876,0.0361430564254519,0.02184970839738809,0.018974959282434534,2021-09-01
36241LL61,783049,M,SP,20100801,1709026.4,,,,8,8.763,256,93,,0.11315995853707461,0.0957184006594124,0.10396610590650457,0.10303881009643145,0,0,0.01153080319592037,0.010711740948762927,2021-09-01
36241LL79,783050,M,SP,20100801,29384465.75,2675768.4157395493,,469920.78625052,5,5.285,135,214,,0.21978856915379286,0.2551604259430489,0.2532135057265088,0.2508615749332094,0.007951139249616213,0.017097625478666223,0.01726429772106508,0.014623982748157016,2021-09-01
36241LLB0,783022,M,SP,20100701,6174880.74,4939657.609119545,,1234914.4022798862,5,5.291,136,213,,0.28566147058363067,0.20055611036588594,0.2485136286079248,0.24656415410717236,0.02244805533469174,0.013912080174750208,0.014114199490751766,0.012028520475450444,2021-09-01
36241LLC8,783023,M,SP,20100701,5238079.77,,,5237760.394366197,5.5,5.844,143,205,,0.28202850997506745,0.2787386987248298,0.204635243597857,0.20164063729204473,0.01168432647137485,0.029240596043976774,0.025632463631569458,0.022315475302356114,2021-09-01
36241LLH7,783028,M,SP,20100701,13261939.66,13141762.584642854,,61104.38532573517,6,6.483,156,190,,0.2684291764014054,0.25985590287502236,0.20018825780799032,0.1956085829895512,0.10848594950715262,0.04406886862040926,0.036481784367074166,0.03108855178304437,2021-09-01
36241LLP9,783034,M,SP,20100701,3440172.6,,,3440000.5999700013,5.5,5.991,156,193,,0.24021428831112135,0.20781242443586678,0.21163513058418737,0.20898021865109173,0.03440397644458926,0.022990163733226154,0.021361165882043176,0.01832423579930542,2021-09-01
36241LLS3,783037,M,SP,20100701,2457185.75,,,2456940.0559944008,6,6.485,156,190,,0.2821593532003843,0.156076562842132,0.20121170955128176,0.1977584660268915,0.11682050371298025,0.016370928182861677,0.03709668930807797,0.03313204460997399,2021-09-01
36241LLT1,783038,M,SP,20100701,36363475.26,17354052.956656598,,184824.29446486573,5.5,5.924,153,196,,0.2604837516554618,0.2291134536144146,0.20581972590349307,0.2032192657529962,0.037991593401451085,0.03998243917510291,0.01953530921984692,0.016611015952867847,2021-09-01
36241LLU8,783039,M,SP,20100701,15830973.93,,,15830657.316853663,5.5,5.836,143,205,,0.31215600131512256,0.25137773958887655,0.20210080737320368,0.19928362236024733,0.04125750703768161,0.03294952842751142,0.02242984208641685,0.019319721087296182,2021-09-01
36241LME3,783057,M,SP,20100801,28295084.55,28294801.601983983,,,5,5.312,139,210,,0.23071955847699344,0.24988261713702042,0.24947231319714858,0.24716068348951936,0.014208802567435619,0.02376261591435236,0.017464299976783226,0.01487725701978293,2021-09-01
36241LMF0,783058,M,SP,20100801,30618783.89,30618477.70522295,,,5,5.295,137,212,,0.265693383070823,0.22341336101308995,0.24982790087946416,0.24778043004794037,0.021493381659083433,0.02199120548584166,0.015345088707232724,0.013110414600190912,2021-09-01
36241LMG8,783059,M,SP,20100801,54310109.66,54309807.938844785,,,5,5.292,136,213,,0.22912285929449172,0.24649415271377484,0.25036249537861877,0.24786931540350132,0.01242488136523534,0.02296497060328584,0.018500384451603402,0.01566718655311028,2021-09-01
36241LMM5,783064,M,SP,20100801,10233873.66,,,10233617.819554511,6,6.476,163,183,,0.22874991399469102,0.149337191548231,0.19406341255511184,0.19064102070521105,0.016679297903183232,0.034537101600441544,0.02928324331660004,0.02535631992178733,2021-09-01
36241LMQ6,783067,M,SP,20100801,30175251.36,24139959.688403115,,,5,5.291,136,213,,0.25626865928822595,0.22489071961057172,0.250529843810692,0.2484062675437646,0.01622801846401467,0.01600370265227702,0.01553259139387031,0.013202922448341092,2021-09-01
36241LMS2,783069,M,SP,20100801,13144504.83,2775118.98555307,,1033327.3248972859,5,5.351,143,206,,0.27002456528506746,0.24111037730541807,0.2452982112816543,0.2431047257597173,0.031524590765121485,0.026948309647799484,0.01654910399220022,0.014119688957198284,2021-09-01
36241LN44,783111,M,SP,20100901,7032046.46,,,,4.5,4.886,136,213,,0.2758427744919735,0.2763205471710245,0.27444701660583026,0.27257375024925345,0.012154936658829274,0.02271782105821707,0.014600248198685994,0.012605986794590796,2021-09-01
36241LPP5,783130,M,SP,20101001,42080783.88,,13632.44,,4,4.456,135,212,,0.28648724762512,0.34960809516815117,0.26768148876403464,0.2664723029303655,0.016955277721559026,0.06666512971870386,0.010547580594399308,0.00950600727080464,2021-09-01
36241LQK5,783158,M,SP,20101101,6975009.44,4810796.514917835,,,5,5.284,135,215,,0.21221960659954442,0.25749490937161235,0.2503568063336298,0.2475309874263324,0.009889616587427486,0.02803454107991088,0.02112856085926762,0.01783214707038916,2021-09-01
36241LQL3,783159,M,SP,20101101,6973199.22,6972864.630141466,,,5,5.286,134,216,,0.21620732082065253,0.2606773696374811,0.2469184154810511,0.24346926548180736,0.016265729114275373,0.041115532548782086,0.025927430882766722,0.021816433306962257,2021-09-01
36241LQP4,783162,M,SP,20101101,7100683.52,289999.5434622329,,,5,5.295,135,215,,0.21328756539871674,0.2544065547290555,0.24438713942687063,0.24112066183408376,0.008816947415269616,0.030648742036064935,0.024770130306538296,0.020913033777980927,2021-09-01
36241LRE8,783185,M,SP,20101201,31073706.76,20857442.721827034,50402.17,,4.5,4.916,140,209,,0.2894587511814364,0.2634919303969222,0.2674915714445668,0.2657282959394538,0.02005718744845597,0.01582172904445278,0.012963401792005724,0.011107166308442884,2021-09-01
36241LRF5,783186,M,SP,20101201,3787757.79,3787487.2551960577,,,5.5,5.927,152,197,,0.2502449346347301,0.22216965920952114,0.20378590252163564,0.20091321993958744,0.026101238369457658,0.037562627072406984,0.02155106603980461,0.01830351055721513,2021-09-01
36241LRM0,783192,M,SP,20101201,6520140.97,6519814.979251037,,,4.5,4.921,137,211,,0.32378649212667887,0.2572262711574732,0.2650810882135243,0.2630295071936569,0.011122894445201537,0.026659540186690256,0.014001002246830652,0.011856685558008784,2021-09-01
36241LRQ1,783195,M,SP,20101201,20413746.74,,,,4.5,4.894,137,211,,0.2703559200416533,0.25621162860187785,0.27012063689956944,0.2682084509250747,0.023646409172371485,0.0164278748413772,0.014476431554072966,0.01242607723172151,2021-09-01
36241LSM9,783224,M,SP,20110101,5516571.06,4990454.619546951,,458404.11562816077,5,5.346,137,209,,0.21119601469526372,0.23544624630923394,0.22984783601932168,0.22677869807737416,0.02133750253120481,0.013205648841196682,0.023021648495074265,0.019495959715397082,2021-09-01
36241LSN7,783225,M,SP,20110101,6683877.97,1637608.462976691,,3223899.8100278233,5.5,5.934,158,184,,0.3030110739426647,0.1339324005418595,0.18123255760512724,0.17961836440349932,0.015703899440638214,0.01918631642548596,0.014157431996608238,0.012526254605984555,2021-09-01
36241LSS6,783229,M,SP,20110101,7055203.47,489344.53121868795,,4291455.844719828,5.5,5.936,157,190,,0.20927320622423673,0.2157645608318418,0.1911165322404158,0.18848813766145067,0.018723968040922245,0.011340895364088555,0.02010673652264494,0.017219500688418266,2021-09-01
36241LSV9,783232,M,SP,20110101,4295155.55,3245252.919061348,,1013056.1901474831,5,5.321,140,209,,0.24307576924133834,0.24337351272539187,0.24461424118973552,0.24213508052214028,0.016368914806419443,0.02422067939849748,0.01878758820021542,0.015985363249838236,2021-09-01
36241LTW6,783265,M,SP,20110301,23957200.43,23956876.101132847,,,5.5,5.938,158,189,,0.23976018442482006,0.20602150862966606,0.19482752200910347,0.19215146609864664,0.03874132112433348,0.016001072631363522,0.02150921284349827,0.01853229665699918,2021-09-01
36241LU79,783306,M,SP,20110501,3603772.25,3603411.908809119,,,4.5,4.798,128,220,,0.32797652754066864,0.26298048527341555,0.27845683917807307,0.2763383516962129,0.012769231406986492,0.011401928065972622,0.016111330473887464,0.01377204620948369,2021-09-01
36241LUB0,783278,M,SP,20110301,16510860.94,13276098.409156796,,36353.28281269831,5,5.307,134,216,,0.27482087920068,0.23518774032511236,0.2602814020099228,0.2556501847581819,0.07808463231956597,0.03380055823337036,0.03757876320553033,0.032075235582706196,2021-09-01
36241LUM6,783288,M,SP,20110401,6894495.81,6894151.102444877,,,5.5,5.94,160,186,,0.27423087052509576,0.1846960393590079,0.1931570771651412,0.1893513009659662,0.01623144025101908,0.016131857563561947,0.02557444590015434,0.02124199982241981,2021-09-01
36241LUQ7,783291,M,SP,20110401,4770909.96,906990.5797801211,954086.51,,4,4.342,129,219,,0.2772084305089968,0.24962966001365183,0.28038999896089745,0.27876465565482356,0.021827976638485458,0.0194793800998051,0.011879676051015808,0.010367587170151182,2021-09-01
36241LUX2,783298,M,SP,20110501,12164280.44,1366714.8839862333,,,4.5,4.819,126,222,,0.2896993636815236,0.23342506165995625,0.2795971711145383,0.2777938708589348,0.019267284904091242,0.0135347409392923,0.013023348040416383,0.011240296552636031,2021-09-01
36241LV60,783337,M,SP,20110601,4198898.2,,,,5,5.284,131,218,,0.21986065702219548,0.19938128975441716,0.2646925791268817,0.2618417388942511,0.021177079564379975,0.014887414521257303,0.024095727553288704,0.020855713356073502,2021-09-01
36241LV86,783339,M,SP,20110601,3512132.22,,,,5,5.289,128,221,,0.3175374273163336,0.2094933230690802,0.2696833567145238,0.2672040991006982,0.05125312848012542,0.011668995851439323,0.021896817571128047,0.019341995463928674,2021-09-01
36241LVC7,783311,M,SP,20110501,7091247.68,595635.0233688315,,,5.5,5.965,166,181,,0.19737066662577862,0.14811843208331588,0.19153306073249288,0.18732390201470472,0.05310472204399408,0.006982269023069643,0.030809725088248308,0.025998394386961166,2021-09-01
36241LVG8,783315,M,SP,20110501,6457112.62,6456789.780510974,,,5.5,5.958,162,184,,0.2473428634670718,0.14904000137489348,0.1872622253277868,0.18485185563518125,0.03488932717082549,0.023667898058784442,0.01879802556495669,0.016191804074299876,2021-09-01
36241LVR4,783324,M,SP,20110601,16059805.63,,14780308.82,,4,4.509,126,224,,0.30492508519673056,0.13889192695128616,0.2623346830292005,0.25886481726985355,0.032082279057652374,0,0.025732453955758516,0.02181150873166482,2021-09-01
36241LVV5,783328,M,SP,20110601,3005334.08,,,,5,5.291,129,221,,0.3255037920771475,0.21523618300368197,0.27281954638463124,0.2691429280369936,0.08277331048963021,0.0158617169827886,0.031918764769643726,0.02777006245205227,2021-09-01
36241LW28,783365,M,SP,20110701,12363550.18,12363214.003682386,,,5,5.315,137,212,,0.22579726634962838,0.24666642933296878,0.25272841923446776,0.24950730971494006,0.019427119191193443,0.04190592575350771,0.026338575153215693,0.022669410216394348,2021-09-01
36241LW36,783366,M,SP,20110801,12980115.34,11796234.003619876,,47868.43025393645,5,5.319,134,214,,0.25852351861873657,0.19447475946199388,0.25750046770498936,0.25497453791749625,0.02616827730187865,0.018474393416618384,0.0207882572808904,0.017973519295260476,2021-09-01
36241LW44,783367,M,SP,20110801,3632856.46,,,,4.5,4.827,124,224,,0.27572945964718387,0.21597412318652753,0.2648336899850229,0.2634785676231388,0.019352704049956815,0.015194211188455875,0.00971631183581545,0.008748302226137983,2021-09-01
36241LW51,783368,M,SP,20110801,15227253.11,1958727.6174082712,294247.95,53294.05353366166,4.5,4.811,123,226,,0.28496065622929456,0.2325354902501976,0.2625374192642642,0.2604164437146639,0.025726420427535146,0.023154595301170144,0.015368647869213659,0.0132800333457459,2021-09-01
36241LW93,783372,M,SP,20110801,13441063.52,3697906.9009838803,,8892776.23875851,5,5.296,126,222,,0.2846377467641005,0.1502789550869943,0.25543937630706604,0.2529824630387141,0.028657132839254196,0.026358475127994385,0.02081491589602069,0.018184742490592654,2021-09-01
36241LWA0,783341,M,SP,20110601,16930738.47,16108910.140928397,,,5,5.363,141,207,,0.25135041675462877,0.23120914447269025,0.24551054395496064,0.24238869657022943,0.024646424990807825,0.022312357156378804,0.024314068012732504,0.020723731168916126,2021-09-01
36241LWB8,783342,M,SP,20110701,5911649.62,314903.9190605556,,296316.0800378901,5,5.286,127,221,,0.27999833823775866,0.1869692577939871,0.2712995692693073,0.2685149094521586,0.04344165715589987,0.012255454712345126,0.024956111388831137,0.021934699480944397,2021-09-01
36241LWU6,783359,M,SP,20110701,11428723.47,11428426.798950106,,,5,5.285,127,221,,0.2526092396071581,0.17097935774518513,0.27242026658951435,0.26942413817034605,0.03793945352523498,0.01266262360756365,0.027075943996437424,0.02373190227714339,2021-09-01
36241LWV4,783360,M,SP,20110701,5989093.3,5988793.860306985,,,5,5.283,127,221,,0.22263463769621916,0.15952844091748442,0.27312977500630464,0.2699165072615306,0.031640995789025905,0.01506161386696836,0.029429817175477102,0.025761552734399062,2021-09-01
36241LX27,783397,M,SP,20110901,21910742.74,8632688.761413975,,,5,5.294,135,214,,0.27509577808232544,0.22072267345620522,0.2475578866849697,0.24501366644002576,0.024658614340533624,0.024388344810160723,0.018635867318759547,0.01577163310361762,2021-09-01
36241LXE1,783377,M,SP,20110801,41298410.1,37164769.04846166,,,4.5,4.826,125,223,,0.28322534550850254,0.2538810367078349,0.27482807299679,0.2728844266009669,0.021936256423751632,0.019911141113570507,0.012600403536179083,0.0107035446077417,2021-09-01
36241LXF8,783378,M,SP,20110801,3806261.2,,,,4,4.369,132,216,,0.27053679009408904,0.28062083082452194,0.2767147296757283,0.2753460643148191,0.018280912894353962,0.025916681478579173,0.010582457792346123,0.009360253127034701,2021-09-01
36241LXW1,783393,M,SP,20110801,3723307.1,623816.2235849946,,8317.549647799926,6.5,6.962,185,161,,0.10717635439865503,0.210167395494396,0.17187900608998974,0.1676478996402314,0.006283117279714312,0.02129529884843273,0.030505747097570257,0.025718332886272677,2021-09-01
36241LY83,783435,M,SP,20111001,38657989.54,38652408.76586083,,,6,6.46,161,187,,0.2095524581736916,0.15714283200740053,0.18916854837604002,0.18660368950670347,0.0283518646605746,0.02361184673846517,0.02164738451413495,0.018732503294003222,2021-09-01
36241LZ33,783462,M,SP,20111001,59035248.91,59034860.01105395,,,5.5,5.866,146,202,,0.2527656939520603,0.2437804170880694,0.2049602544971727,0.20226904459123285,0.026754432843393516,0.03762589771132063,0.021227916461980634,0.018238569641485736,2021-09-01
36241LZ58,783464,M,SP,20111001,22489129.9,,,,4.5,4.809,125,224,,0.27206001898826815,0.24299549998478687,0.26948895213123614,0.2674436764216017,0.021159509850138702,0.020161113009228182,0.014987763322241388,0.012927696168515745,2021-09-01
36241LZE9,783441,M,SP,20111001,15583553.72,,,,4,4.436,123,225,,0.24911957094733006,0.28349802074800234,0.26541768188866965,0.26318696034479727,0.008788615090290053,0.016613155439387794,0.017605448128675594,0.01517100302894514,2021-09-01
36241LZF6,783442,M,SP,20111001,17631583.44,,2208032.83,,4,4.406,121,228,,0.27531131355283234,0.260226509391845,0.27093637621775957,0.26886235024934035,0.02043389226003578,0.028657868711244316,0.016340813877782967,0.014228937985534373,2021-09-01
36241LZG4,783443,M,SP,20111001,20067869.63,,,,5,5.285,135,214,,0.21978856915379286,0.2551604259430489,0.2532135057265088,0.2508615749332094,0.007951139249616213,0.017097625478666223,0.01726429772106508,0.014623982748157016,2021-09-01
36241LZJ8,783445,M,SP,20111001,18953907.66,,,,4,4.398,130,217,,0.3075371264720642,0.23805711857459355,0.27535186576260884,0.2738630005803574,0.019765355272134744,0.01903313993080602,0.011175239281061344,0.009773302831997399,2021-09-01
36241LZN9,783449,M,SP,20111001,40079704.1,39648373.86006537,,,5,5.309,130,218,,0.2729042694951791,0.23424909718371267,0.2608038659546781,0.2571763918293154,0.04397577045013834,0.03306444607524894,0.03002231348128026,0.025926511471419444,2021-09-01
36241LZW9,783457,M,SP,20111001,30495745.45,,,,4.5,4.803,124,225,,0.2604688006850533,0.23898928907493588,0.2657893051762714,0.26369877268931596,0.02353689647610102,0.018014625804419482,0.01515285980464609,0.013023126792613304,2021-09-01
36241LZY5,783459,M,SP,20111001,3585505.7,,,,3.5,4.02,125,223,,0.34416474703324074,0.3502050439708114,0.25545432218931596,0.2541804240779739,0.002640692577034587,0.0010207358980396375,0.015234731161680504,0.014190918671417307,2021-09-01
